Group,ANGPT1,ANGPT2,ANKRD22,BCL6,C1QC,CA4,CALCA,CCL5,CD177,CKAP4,CXCL10,FAS,FLT1,HK3,HP,ICAM1,LAG3,PADI4,PF4,PGLYRP1,PLBD1,RGL4,S100A12,SLC2A3,TNFAIP6,TNFRSF1B,TREM1
nCM,9.315691797,10.26603666,8.707755833,7.575337072,9.049153004,6.770987376,7.741521749,7.935992076,7.575337072,8.685269104,8.685269104,6.896466985,8.930745903,8.494324124,8.432661687,9.700756412,6.85058447,7.138066514,9.416470186,6.669919696,8.874911742,9.210233263,8.685269104,7.138066514,7.629044783,5.725209121,8.239285297
nCM,9.092973035,3.173883709,9.001313027,8.11559798,8.930745903,6.462395419,7.225462664,9.465003928,7.45446007,9.049153004,8.930745903,8.393818508,9.315691797,9.049153004,8.638384009,9.001313027,9.049153004,7.225462664,10.26603666,7.027383859,9.817612404,9.092973035,8.522259932,6.958234367,8.59373944,7.805078639,7.882452555
nCM,8.874911742,9.817612404,8.494324124,7.533635355,10.03524489,6.587653114,3.609583729,10.03524489,8.073632752,9.700756412,8.474647065,7.556857917,3.458534261,9.001313027,8.930745903,8.099992445,9.700756412,2.891040103,9.609991437,7.974649907,9.609991437,9.539497346,8.222044584,6.669919696,7.925443314,9.539497346,7.925443314
nCM,9.243141265,3.519171044,8.930745903,8.393818508,9.416470186,9.465003928,6.896466985,9.416470186,8.783974456,9.817612404,8.340115956,7.69337339,6.462395419,9.465003928,8.571924515,8.747375146,9.465003928,2.680289078,9.817612404,8.340115956,9.416470186,9.700756412,9.210233263,7.225462664,8.506999962,8.656833461,8.019425031
nCM,8.930745903,7.077109672,9.315691797,8.086869461,10.26603666,9.092973035,6.669919696,8.286803033,8.614745704,10.26603666,8.874911742,7.477285517,9.465003928,9.416470186,9.315691797,8.35498296,10.26603666,2.803346472,9.243141265,8.061307798,9.700756412,9.609991437,9.655373924,7.027383859,8.707755833,9.210233263,8.312713106
nCM,9.416470186,3.434214661,9.416470186,8.326878587,9.539497346,6.85058447,6.770987376,7.893902103,6.770987376,9.128402222,9.465003928,10.03524489,8.783974456,9.210233263,8.312713106,8.656833461,9.001313027,7.310683427,8.747375146,6.263900089,9.001313027,9.049153004,7.882452555,6.587653114,9.210233263,8.930745903,8.874911742
nCM,9.700756412,7.191871351,8.783974456,7.90263332,9.609991437,6.669919696,6.958234367,8.494324124,7.59627125,9.210233263,9.539497346,8.272382603,6.896466985,9.315691797,8.707755833,10.03524489,9.416470186,7.191871351,9.049153004,6.462395419,9.210233263,9.243141265,8.176481669,6.770987376,7.556857917,8.874911742,8.474647065
nCM,9.539497346,3.391624928,9.465003928,8.59373944,8.656833461,7.50463662,6.85058447,7.990177617,7.726818671,8.874911742,9.315691797,8.59373944,9.539497346,9.243141265,8.340115956,9.539497346,8.073632752,7.027383859,8.930745903,6.770987376,9.071063019,9.128402222,8.129991896,6.85058447,8.239285297,6.669919696,8.272382603
nCM,9.210233263,6.85058447,9.700756412,8.25911058,9.700756412,7.310683427,6.088406277,7.69337339,8.312713106,10.03524489,9.092973035,8.506999962,9.092973035,9.539497346,9.049153004,8.474647065,9.210233263,2.753481709,9.465003928,7.575337072,10.03524489,9.416470186,9.243141265,7.077109672,9.128402222,9.416470186,8.432661687
nCM,9.465003928,3.609583729,10.03524489,9.049153004,9.465003928,9.539497346,7.027383859,7.726818671,8.239285297,9.609991437,9.049153004,9.243141265,6.263900089,10.03524489,8.747375146,8.685269104,9.315691797,6.958234367,9.315691797,7.69337339,9.465003928,10.03524489,9.655373924,7.191871351,10.26603666,9.817612404,9.416470186
nCM,9.817612404,3.481484768,7.85214137,6.958234367,8.099992445,6.088406277,7.267574788,8.930745903,6.263900089,7.45446007,9.700756412,8.11559798,9.128402222,8.930745903,7.267574788,7.575337072,3.534887041,2.91268352,9.128402222,5.725209121,8.20686787,8.35498296,6.770987376,6.088406277,7.676376042,7.760233992,8.506999962
nCM,10.03524489,7.138066514,8.11559798,7.741521749,5.725209121,5.725209121,7.45446007,9.700756412,6.462395419,7.225462664,9.001313027,8.522259932,9.609991437,8.783974456,7.867537648,8.454223419,6.263900089,6.85058447,9.539497346,6.088406277,8.176481669,9.001313027,7.428606263,6.263900089,7.882452555,8.474647065,9.609991437
nCM,10.26603666,7.027383859,8.372400643,7.405043561,6.088406277,6.263900089,7.664461748,8.656833461,5.725209121,7.477285517,9.416470186,7.990177617,10.26603666,8.59373944,7.613052909,8.614745704,6.088406277,7.077109672,9.210233263,6.587653114,7.69337339,8.930745903,6.85058447,5.725209121,8.340115956,6.958234367,8.571924515
CM,9.128402222,3.418913901,10.26603666,9.609991437,9.315691797,9.243141265,6.263900089,7.405043561,8.552720541,9.539497346,8.638384009,9.609991437,3.519171044,9.700756412,9.817612404,9.817612404,9.817612404,2.85124491,10.03524489,8.638384009,9.315691797,9.817612404,9.817612404,6.896466985,8.638384009,9.315691797,8.163004287
CM,9.049153004,7.225462664,9.817612404,10.26603666,9.243141265,10.26603666,6.462395419,7.771274038,8.522259932,9.465003928,8.747375146,9.817612404,9.817612404,10.26603666,9.539497346,8.222044584,9.609991437,2.86750585,9.092973035,9.465003928,9.539497346,10.26603666,10.26603666,7.310683427,9.609991437,8.707755833,8.747375146
CM,9.609991437,2.680289078,9.609991437,9.700756412,9.210233263,9.609991437,6.587653114,6.088406277,8.286803033,8.59373944,8.707755833,8.685269104,6.770987376,9.817612404,10.26603666,9.609991437,8.129991896,2.826893217,8.783974456,7.405043561,10.26603666,9.465003928,10.03524489,7.267574788,8.286803033,8.073632752,9.465003928
CM,9.001313027,3.672615329,9.243141265,8.874911742,9.817612404,8.874911742,7.59627125,6.462395419,8.04639093,9.416470186,8.454223419,8.454223419,8.506999962,9.609991437,9.416470186,10.26603666,10.03524489,7.267574788,9.700756412,9.210233263,9.071063019,9.315691797,9.128402222,6.462395419,8.571924515,9.609991437,8.301069303
nCM,2.985266985,2.85124491,2.974315503,2.945016611,2.985266985,2.891040103,3.047869568,3.150158291,2.826893217,2.803346472,3.047869568,2.985266985,3.047869568,2.803346472,2.891040103,3.062354939,3.071690095,3.030147015,3.162818834,2.753481709,2.929910736,2.753481709,2.86750585,3.173883709,2.966354964,3.062354939,2.954700888
nCM,2.945016611,2.891040103,3.071690095,2.680289078,3.009981347,2.929910736,3.0199089,2.945016611,2.891040103,3.009981347,3.087967915,2.803346472,2.945016611,2.826893217,2.945016611,3.071690095,3.107546696,3.334993043,2.929910736,2.999398894,2.85124491,2.86750585,2.954700888,3.047869568,3.334993043,2.91268352,3.055181907
nCM,3.107546696,2.954700888,2.826893217,2.891040103,2.891040103,2.753481709,3.162818834,3.087967915,2.680289078,2.826893217,2.826893217,2.86750585,3.009981347,2.680289078,2.985266985,2.753481709,2.974315503,3.098018646,2.954700888,2.86750585,2.753481709,2.803346472,2.826893217,3.0199089,2.85124491,2.86750585,2.891040103
nCM,2.86750585,2.985266985,2.753481709,3.055181907,2.85124491,2.954700888,2.954700888,2.891040103,2.803346472,2.985266985,2.86750585,2.929910736,2.803346472,2.891040103,2.803346472,2.680289078,2.680289078,3.458534261,2.966354964,2.891040103,3.055181907,2.891040103,2.85124491,3.311906666,2.891040103,3.009981347,3.19692107
nCM,2.91268352,2.945016611,3.030147015,2.929910736,3.055181907,3.079725871,2.803346472,2.966354964,3.071690095,3.055181907,3.009981347,2.91268352,3.0199089,2.985266985,3.047869568,3.055181907,3.062354939,3.150158291,2.85124491,2.945016611,3.009981347,3.030147015,3.009981347,3.098018646,3.140250558,3.087967915,3.009981347
CM,3.047869568,3.071690095,2.803346472,2.85124491,2.680289078,2.826893217,3.116464208,3.140250558,2.753481709,2.891040103,2.91268352,3.071690095,3.127059133,3.047869568,2.86750585,3.0199089,2.803346472,3.519171044,3.127059133,2.966354964,2.803346472,2.954700888,2.680289078,3.079725871,2.753481709,3.19692107,3.0199089
nCM,3.311906666,2.753481709,3.009981347,2.753481709,3.071690095,3.030147015,3.334993043,3.009981347,2.954700888,2.91268352,3.030147015,2.945016611,2.753481709,2.85124491,3.055181907,2.966354964,2.966354964,3.481484768,2.803346472,3.079725871,2.826893217,2.826893217,2.945016611,2.954700888,2.929910736,2.974315503,2.753481709
CM,3.150158291,3.087967915,3.334993043,3.127059133,2.91268352,3.071690095,3.009981347,2.974315503,2.974315503,3.391624928,2.954700888,3.098018646,2.891040103,3.116464208,2.929910736,3.150158291,3.087967915,6.587653114,3.116464208,3.150158291,3.071690095,3.087967915,3.079725871,3.458534261,3.434214661,3.481484768,3.127059133
nCM,2.954700888,3.030147015,2.966354964,3.030147015,2.954700888,3.0199089,3.087967915,3.071690095,3.030147015,2.85124491,2.966354964,3.19692107,3.140250558,2.929910736,2.91268352,2.826893217,2.999398894,3.362066631,3.173883709,2.929910736,2.966354964,2.985266985,2.891040103,3.391624928,2.91268352,3.030147015,3.030147015
nCM,3.362066631,3.047869568,2.91268352,2.91268352,2.945016611,2.86750585,2.945016611,3.107546696,2.85124491,2.86750585,2.999398894,2.954700888,3.19692107,2.954700888,2.954700888,3.009981347,3.0199089,3.087967915,3.107546696,2.954700888,2.86750585,2.85124491,2.803346472,3.039271215,2.826893217,3.362066631,2.680289078
nCM,3.055181907,2.929910736,2.929910736,2.954700888,2.86750585,3.009981347,3.055181907,3.047869568,3.009981347,2.974315503,2.929910736,2.966354964,3.030147015,2.999398894,2.85124491,2.91268352,2.891040103,3.127059133,3.009981347,2.826893217,2.974315503,2.974315503,2.999398894,3.071690095,2.985266985,3.405269415,2.91268352
nCM,2.999398894,3.362066631,2.954700888,2.86750585,2.826893217,2.966354964,2.826893217,2.954700888,2.985266985,2.954700888,3.127059133,3.140250558,3.107546696,2.86750585,2.753481709,3.039271215,2.86750585,3.497766655,2.826893217,2.974315503,2.891040103,2.91268352,2.974315503,3.162818834,3.030147015,2.985266985,2.999398894
nCM,2.85124491,2.803346472,3.047869568,2.966354964,2.966354964,2.985266985,3.173883709,2.929910736,3.047869568,2.966354964,3.107546696,2.999398894,3.116464208,2.91268352,2.966354964,3.107546696,2.985266985,3.162818834,3.140250558,2.91268352,2.91268352,2.966354964,2.985266985,3.116464208,3.055181907,2.826893217,3.140250558
CM,3.062354939,3.062354939,3.311906666,3.140250558,3.047869568,3.150158291,3.079725871,3.0199089,3.087967915,3.140250558,3.19692107,3.055181907,2.985266985,3.107546696,3.311906666,3.087967915,3.140250558,6.462395419,3.087967915,3.173883709,3.150158291,3.127059133,3.107546696,3.481484768,3.173883709,3.079725871,2.826893217
CM,3.079725871,3.107546696,2.85124491,3.0199089,3.039271215,2.85124491,2.891040103,3.334993043,2.929910736,2.945016611,3.098018646,3.047869568,2.826893217,3.0199089,3.009981347,3.079725871,3.030147015,3.19692107,3.030147015,3.009981347,3.0199089,2.945016611,2.91268352,3.030147015,2.974315503,2.891040103,2.985266985
CM,3.071690095,2.974315503,2.891040103,2.974315503,3.311906666,2.974315503,2.91268352,3.173883709,3.0199089,3.039271215,2.891040103,3.062354939,2.954700888,3.062354939,3.0199089,3.030147015,3.098018646,3.562458224,2.891040103,3.162818834,3.127059133,3.039271215,2.929910736,3.150158291,3.087967915,3.071690095,2.974315503
CM,3.140250558,3.116464208,3.162818834,3.079725871,3.19692107,3.458534261,2.974315503,3.055181907,3.150158291,3.311906666,2.680289078,2.85124491,3.173883709,3.098018646,3.116464208,2.954700888,3.150158291,6.263900089,2.974315503,3.434214661,3.107546696,3.150158291,3.116464208,3.562458224,3.458534261,3.519171044,2.929910736
CM,3.030147015,2.86750585,3.150158291,3.334993043,3.391624928,3.107546696,3.030147015,3.098018646,3.127059133,3.162818834,3.116464208,3.079725871,2.91268352,3.162818834,2.999398894,2.929910736,3.311906666,5.725209121,2.945016611,3.030147015,3.19692107,3.098018646,3.071690095,3.585871812,3.362066631,3.609583729,3.087967915
CM,3.098018646,2.91268352,3.140250558,3.150158291,3.079725871,3.140250558,3.098018646,2.753481709,3.079725871,3.092993281,3.140250558,3.150158291,2.974315503,3.087967915,3.140250558,3.173883709,2.91268352,3.549357172,3.079725871,3.107546696,3.047869568,3.055181907,3.127059133,3.434214661,3.549357172,3.116464208,3.150158291
nCM,3.19692107,3.039271215,3.062354939,3.162818834,2.929910736,3.481484768,3.19692107,3.030147015,3.098018646,3.585871812,2.974315503,3.107546696,3.039271215,3.127059133,3.334993043,3.162818834,2.945016611,6.896466985,2.999398894,3.418913901,3.162818834,3.334993043,3.162818834,3.672615329,3.534887041,3.549357172,3.071690095
CM,2.826893217,2.966354964,3.672615329,3.534887041,2.753481709,2.999398894,3.039271215,2.680289078,3.107546696,3.458534261,3.334993043,3.173883709,3.062354939,3.055181907,3.162818834,3.19692107,3.009981347,3.311906666,2.86750585,3.0199089,3.062354939,3.047869568,3.145204424,3.497766655,3.672615329,3.107546696,3.079725871
nCM,3.087967915,3.079725871,2.680289078,2.803346472,2.803346472,2.91268352,3.071690095,2.826893217,2.86750585,2.680289078,2.753481709,2.680289078,3.150158291,2.753481709,2.680289078,2.891040103,2.826893217,2.966354964,3.047869568,2.680289078,2.680289078,2.929910736,2.753481709,2.966354964,2.803346472,2.680289078,2.803346472
CM,3.162818834,3.140250558,3.087967915,3.362066631,3.062354939,3.098018646,3.062354939,2.999398894,3.039271215,3.497766655,3.150158291,3.116464208,3.055181907,3.311906666,3.062354939,3.140250558,2.929910736,6.669919696,3.071690095,3.334993043,3.087967915,3.162818834,3.0199089,3.519171044,3.585871812,2.929910736,3.062354939
nCM,3.334993043,3.311906666,3.107546696,2.999398894,3.030147015,3.039271215,2.680289078,2.91268352,3.055181907,2.999398894,3.071690095,2.891040103,2.999398894,2.966354964,3.127059133,2.86750585,2.85124491,3.434214661,3.150158291,3.098018646,2.985266985,3.009981347,3.087967915,3.362066631,3.150158291,2.966354964,3.116464208
CM,3.116464208,3.19692107,3.549357172,3.391624928,3.087967915,3.434214661,2.985266985,3.116464208,2.945016611,3.362066631,2.803346472,2.826893217,2.966354964,3.173883709,3.173883709,2.85124491,2.954700888,6.770987376,3.19692107,3.391624928,3.173883709,3.173883709,3.145204424,3.609583729,3.609583729,3.574165018,2.945016611
nCM,2.966354964,3.0199089,3.116464208,3.071690095,3.098018646,3.162818834,2.86750585,3.039271215,3.311906666,3.150158291,3.0199089,3.087967915,3.098018646,3.030147015,3.098018646,3.116464208,3.047869568,3.672615329,2.680289078,3.055181907,3.079725871,3.079725871,3.062354939,3.418913901,3.107546696,3.334993043,3.098018646
CM,3.173883709,2.826893217,3.127059133,3.173883709,3.116464208,3.173883709,3.140250558,2.803346472,3.116464208,3.047869568,3.055181907,3.039271215,2.86750585,3.071690095,3.107546696,2.974315503,3.079725871,3.140250558,2.985266985,3.039271215,2.954700888,3.062354939,3.19692107,3.334993043,3.19692107,3.162818834,3.162818834
nCM,3.127059133,2.999398894,3.055181907,3.098018646,3.173883709,3.497766655,2.999398894,3.079725871,3.19692107,3.092993281,2.85124491,3.127059133,3.079725871,3.140250558,3.071690095,2.999398894,3.173883709,3.534887041,3.0199089,3.087967915,3.140250558,3.071690095,3.039271215,3.542122107,3.062354939,3.574165018,2.85124491
nCM,3.039271215,3.162818834,3.19692107,3.087967915,3.150158291,3.362066631,3.107546696,2.985266985,3.162818834,3.19692107,2.985266985,3.162818834,3.162818834,3.150158291,3.079725871,2.945016611,3.116464208,3.609583729,3.039271215,3.116464208,3.098018646,3.140250558,3.047869568,3.542122107,3.116464208,3.672615329,3.107546696
CM,2.974315503,3.055181907,3.039271215,3.043570391,3.107546696,3.19692107,2.966354964,3.127059133,3.140250558,3.0199089,3.039271215,2.753481709,3.087967915,3.009981347,3.039271215,2.803346472,3.162818834,3.418913901,2.91268352,3.140250558,3.030147015,3.116464208,3.173883709,3.107546696,3.127059133,3.0199089,2.86750585
CM,3.009981347,3.009981347,2.945016611,3.043570391,3.0199089,2.803346472,2.85124491,2.86750585,2.966354964,2.753481709,3.062354939,3.030147015,2.680289078,2.945016611,2.826893217,3.047869568,2.753481709,3.062354939,2.753481709,2.803346472,2.999398894,2.680289078,2.966354964,3.055181907,2.954700888,3.140250558,3.047869568
CM,3.0199089,3.127059133,3.458534261,2.985266985,2.974315503,3.047869568,3.150158291,2.85124491,3.173883709,3.127059133,3.362066631,2.974315503,3.071690095,3.039271215,3.087967915,3.127059133,3.039271215,3.391624928,3.062354939,3.071690095,3.039271215,2.999398894,3.030147015,3.127059133,3.481484768,2.945016611,3.173883709
CM,2.753481709,3.334993043,2.86750585,3.009981347,3.127059133,3.391624928,3.127059133,3.062354939,2.91268352,3.107546696,3.079725871,3.009981347,2.85124491,3.079725871,2.974315503,2.985266985,3.055181907,6.088406277,3.098018646,2.985266985,3.116464208,3.107546696,3.098018646,3.19692107,3.009981347,3.405269415,2.966354964
CM,2.891040103,3.150158291,2.999398894,3.062354939,2.999398894,3.062354939,2.929910736,3.162818834,3.062354939,2.929910736,2.945016611,3.0199089,2.929910736,2.974315503,3.030147015,3.098018646,3.127059133,3.173883709,3.055181907,2.85124491,2.945016611,3.0199089,3.055181907,3.140250558,2.86750585,3.039271215,3.039271215
CM,2.803346472,5.725209121,2.985266985,3.434214661,3.549357172,3.562458224,3.311906666,3.562458224,3.609583729,3.549357172,3.458534261,3.418913901,3.434214661,3.534887041,3.497766655,3.418913901,3.585871812,3.107546696,3.562458224,3.519171044,3.585871812,3.534887041,3.609583729,2.891040103,3.418913901,3.098018646,3.534887041
CM,3.418913901,3.497766655,3.609583729,3.672615329,3.497766655,3.672615329,3.391624928,3.19692107,3.672615329,3.672615329,3.481484768,3.672615329,3.481484768,3.609583729,3.672615329,3.481484768,3.497766655,3.585871812,3.585871812,3.609583729,3.672615329,3.672615329,3.672615329,3.087967915,3.562458224,2.753481709,3.458534261
CM,3.519171044,6.669919696,3.534887041,3.116464208,3.519171044,3.609583729,2.753481709,3.434214661,3.585871812,3.519171044,3.418913901,3.497766655,5.725209121,3.434214661,3.534887041,3.497766655,3.609583729,3.116464208,3.497766655,3.585871812,3.458534261,3.585871812,3.562458224,2.999398894,3.497766655,3.150158291,3.519171044
CM,3.391624928,6.896466985,3.418913901,3.107546696,3.458534261,3.519171044,3.434214661,3.458534261,3.562458224,3.562458224,3.497766655,3.481484768,3.534887041,3.418913901,3.549357172,3.311906666,3.458534261,3.079725871,3.334993043,3.562458224,3.519171044,3.562458224,3.481484768,2.85124491,3.079725871,2.954700888,3.391624928
CM,3.458534261,3.458534261,3.497766655,3.481484768,3.672615329,3.534887041,3.418913901,3.534887041,3.549357172,3.116464208,3.585871812,3.609583729,3.549357172,3.19692107,3.519171044,3.458534261,3.672615329,3.071690095,3.391624928,3.534887041,3.534887041,3.609583729,3.549357172,2.974315503,3.391624928,2.803346472,3.481484768
CM,3.549357172,3.562458224,3.079725871,2.826893217,3.585871812,3.585871812,5.725209121,3.549357172,3.519171044,3.418913901,3.562458224,3.311906666,3.418913901,3.458534261,3.609583729,3.391624928,5.725209121,2.954700888,3.534887041,3.672615329,3.481484768,3.519171044,3.497766655,2.680289078,3.039271215,3.127059133,3.434214661
nCM,3.609583729,6.462395419,3.362066631,3.519171044,3.609583729,3.116464208,3.534887041,3.391624928,3.418913901,3.334993043,3.534887041,3.334993043,3.311906666,3.562458224,3.418913901,3.585871812,3.391624928,3.009981347,3.519171044,3.362066631,3.418913901,3.362066631,3.391624928,2.91268352,2.945016611,3.434214661,3.562458224
nCM,3.534887041,6.958234367,3.173883709,3.418913901,3.481484768,3.311906666,3.458534261,3.609583729,3.497766655,3.434214661,3.162818834,3.362066631,3.562458224,3.362066631,3.434214661,3.519171044,3.562458224,2.974315503,3.311906666,3.458534261,3.334993043,3.497766655,3.418913901,2.945016611,3.098018646,2.999398894,3.362066631
nCM,3.497766655,3.585871812,3.481484768,3.585871812,3.562458224,3.549357172,3.549357172,3.418913901,3.534887041,3.481484768,3.311906666,3.549357172,3.672615329,3.672615329,3.458534261,3.609583729,3.481484768,3.039271215,3.434214661,3.481484768,3.549357172,3.549357172,3.534887041,3.062354939,3.311906666,3.534887041,3.585871812
nCM,3.672615329,3.098018646,3.519171044,3.609583729,3.334993043,2.680289078,3.497766655,3.481484768,3.362066631,3.079725871,3.549357172,3.534887041,3.497766655,3.585871812,3.150158291,3.672615329,3.19692107,2.985266985,3.549357172,3.047869568,3.562458224,3.19692107,3.519171044,3.009981347,3.071690095,3.311906666,3.672615329
nCM,3.481484768,6.088406277,3.391624928,3.562458224,3.162818834,2.945016611,3.481484768,3.311906666,3.334993043,3.534887041,3.173883709,3.391624928,3.585871812,3.391624928,3.19692107,3.549357172,3.334993043,2.929910736,3.418913901,3.062354939,3.362066631,3.434214661,3.362066631,2.86750585,2.680289078,3.497766655,3.609583729
nCM,2.680289078,6.263900089,3.585871812,3.19692107,3.362066631,3.334993043,3.585871812,3.519171044,3.458534261,3.173883709,3.672615329,3.585871812,3.362066631,3.549357172,3.562458224,3.334993043,3.549357172,3.055181907,3.481484768,3.549357172,3.609583729,3.458534261,3.458534261,2.826893217,3.0199089,2.85124491,3.311906666
nCM,3.434214661,3.549357172,3.434214661,3.549357172,3.140250558,3.418913901,3.362066631,3.362066631,3.481484768,3.609583729,3.391624928,3.519171044,3.609583729,3.519171044,3.585871812,3.562458224,3.362066631,3.047869568,3.458534261,3.19692107,3.497766655,3.391624928,3.585871812,2.985266985,3.519171044,3.047869568,3.549357172
nCM,3.585871812,6.770987376,3.0199089,3.311906666,3.534887041,3.055181907,3.562458224,3.585871812,2.999398894,3.071690095,3.434214661,3.434214661,3.334993043,3.497766655,3.362066631,3.434214661,3.434214661,2.999398894,3.362066631,3.127059133,3.391624928,3.418913901,3.311906666,2.803346472,3.047869568,3.458534261,3.497766655
nCM,3.562458224,3.534887041,3.098018646,3.497766655,3.434214661,3.127059133,3.672615329,3.497766655,3.434214661,3.062354939,3.519171044,3.562458224,3.391624928,3.481484768,3.481484768,3.362066631,3.418913901,3.0199089,3.672615329,3.497766655,3.434214661,3.481484768,3.434214661,2.753481709,2.999398894,3.055181907,3.334993043
nCM,2.929910736,6.587653114,3.562458224,3.458534261,3.418913901,3.087967915,3.519171044,3.672615329,3.391624928,3.030147015,3.609583729,3.458534261,6.088406277,3.334993043,3.391624928,3.534887041,3.519171044,2.945016611,3.609583729,3.311906666,3.311906666,3.311906666,3.334993043,2.929910736,3.162818834,3.173883709,3.418913901
CM,7.384166616,7.786181593,7.771274038,8.073632752,7.786181593,7.867537648,7.893902103,7.575337072,8.147059577,7.925443314,6.088406277,7.741521749,8.638384009,8.147059577,8.191930996,8.286803033,7.771274038,8.129991896,7.974649907,8.372400643,8.061307798,7.925443314,7.867537648,8.874911742,8.073632752,9.025233015,8.20686787
CM,8.393818508,7.59627125,8.454223419,9.226687264,8.272382603,8.59373944,7.771274038,8.638384009,8.25911058,7.771274038,8.20686787,9.092973035,8.272382603,7.786181593,7.556857917,8.552720541,7.428606263,8.614745704,8.874911742,8.11559798,8.312713106,7.958697576,8.061307798,8.582831977,8.747375146,8.129991896,8.222044584
CM,7.428606263,8.340115956,7.893902103,8.552720541,7.867537648,9.049153004,7.882452555,7.974649907,8.363691801,8.522259932,7.477285517,7.805078639,9.001313027,8.04639093,9.001313027,8.59373944,8.239285297,9.243141265,8.522259932,9.416470186,7.556857917,8.522259932,8.454223419,8.522259932,8.03068305,8.286803033,7.707080729
CM,8.35498296,7.707080729,7.077109672,6.669919696,8.393818508,7.45446007,9.700756412,8.372400643,7.225462664,7.726818671,7.786181593,6.85058447,7.805078639,7.69337339,7.384166616,6.770987376,8.571924515,7.405043561,8.326878587,7.45446007,6.958234367,7.477285517,7.45446007,7.50463662,7.575337072,7.644382953,7.267574788
CM,7.925443314,8.454223419,8.340115956,8.454223419,7.707080729,8.930745903,8.147059577,7.613052909,9.315691797,8.191930996,8.393818508,8.783974456,7.990177617,8.552720541,8.073632752,8.11559798,6.462395419,8.393818508,7.805078639,7.771274038,8.086869461,7.816730062,9.001313027,9.315691797,8.176481669,8.614745704,9.128402222
CM,7.664461748,9.128402222,9.210233263,8.20686787,8.25911058,7.707080729,7.384166616,8.783974456,7.191871351,7.664461748,9.609991437,9.416470186,8.522259932,7.191871351,7.935992076,8.506999962,9.092973035,7.85214137,7.246518726,8.04639093,7.59627125,7.741521749,7.997072667,8.340115956,8.874911742,7.384166616,7.85214137
CM,8.571924515,7.613052909,7.405043561,7.428606263,8.506999962,7.760233992,8.326878587,6.770987376,7.405043561,7.707080729,6.669919696,7.786181593,8.326878587,6.088406277,7.533635355,7.310683427,7.760233992,7.644382953,8.086869461,7.644382953,7.50463662,7.077109672,6.669919696,7.477285517,7.405043561,8.25911058,7.613052909
CM,8.340115956,9.243141265,8.506999962,8.707755833,8.326878587,8.614745704,8.272382603,8.249197938,8.301069303,8.176481669,8.571924515,8.614745704,7.644382953,7.676376042,8.412935488,8.326878587,8.20686787,9.128402222,8.59373944,9.001313027,8.506999962,8.614745704,8.25911058,8.432661687,9.700756412,7.882452555,8.393818508
CM,7.958697576,7.90263332,7.805078639,7.477285517,7.893902103,7.676376042,8.222044584,8.614745704,7.925443314,6.896466985,8.086869461,7.310683427,8.147059577,7.629044783,7.477285517,7.405043561,8.522259932,7.707080729,7.077109672,7.477285517,7.771274038,7.225462664,7.50463662,7.575337072,6.462395419,8.239285297,6.462395419
CM,6.770987376,8.199399433,8.222044584,8.099992445,9.092973035,8.412935488,7.760233992,8.685269104,9.465003928,8.04639093,8.35498296,8.086869461,7.741521749,8.522259932,8.552720541,8.20686787,7.925443314,8.552720541,7.771274038,7.428606263,8.372400643,7.85214137,8.707755833,8.783974456,7.760233992,8.747375146,7.644382953
CM,8.494324124,7.69337339,8.432661687,7.707080729,7.225462664,7.726818671,8.747375146,6.85058447,8.019425031,7.077109672,8.412935488,9.210233263,7.771274038,7.384166616,7.90263332,9.315691797,8.340115956,7.676376042,7.958697576,7.760233992,6.462395419,6.263900089,7.477285517,7.893902103,8.372400643,6.462395419,8.073632752
CM,8.239285297,7.771274038,7.958697576,8.176481669,7.911671268,8.747375146,8.239285297,7.867537648,8.582831977,8.494324124,7.707080729,7.90263332,8.412935488,8.454223419,9.700756412,8.930745903,8.685269104,9.539497346,8.454223419,9.700756412,7.990177617,8.272382603,8.474647065,8.403376998,8.35498296,7.997072667,7.575337072
CM,8.099992445,7.676376042,6.958234367,7.384166616,7.405043561,7.477285517,9.416470186,6.669919696,7.833171298,7.85214137,6.462395419,5.725209121,7.85214137,6.669919696,7.138066514,5.725209121,8.59373944,7.786181593,7.575337072,8.129991896,6.896466985,8.191930996,7.556857917,7.760233992,5.725209121,7.613052909,7.077109672
CM,8.638384009,8.874911742,8.086869461,8.239285297,8.474647065,8.176481669,8.638384009,7.816730062,7.90263332,7.786181593,8.073632752,8.073632752,7.816730062,7.958697576,7.027383859,7.85214137,8.019425031,8.432661687,8.073632752,8.019425031,8.03068305,7.726818671,7.644382953,7.771274038,8.147059577,8.552720541,7.911671268
CM,8.019425031,8.614745704,7.613052909,8.432661687,7.533635355,8.685269104,8.003967717,8.59373944,8.086869461,7.974649907,7.958697576,8.003967717,7.45446007,7.741521749,7.726818671,8.129991896,7.90263332,9.049153004,7.882452555,8.59373944,8.522259932,8.222044584,8.147059577,8.454223419,7.69337339,7.771274038,9.817612404
CM,7.629044783,7.644382953,8.35498296,8.003967717,8.20686787,8.372400643,7.833171298,8.272382603,7.911671268,7.760233992,8.222044584,7.816730062,9.416470186,8.073632752,8.086869461,8.25911058,8.061307798,9.210233263,7.50463662,8.20686787,7.867537648,7.69337339,8.019425031,8.147059577,8.25911058,8.35498296,7.664461748
CM,8.552720541,9.315691797,7.741521749,8.747375146,8.571924515,8.11559798,7.805078639,9.092973035,9.416470186,8.474647065,8.494324124,8.239285297,7.545246636,8.432661687,8.239285297,8.073632752,9.243141265,8.656833461,9.001313027,8.707755833,8.239285297,8.432661687,8.163004287,8.656833461,7.310683427,7.997072667,8.04639093
CM,8.685269104,8.312713106,8.874911742,7.50463662,7.990177617,7.575337072,8.874911742,7.138066514,7.613052909,6.669919696,10.03524489,8.147059577,7.69337339,7.138066514,8.099992445,7.893902103,8.11559798,7.59627125,7.644382953,7.676376042,6.263900089,7.556857917,6.587653114,7.59627125,7.613052909,6.263900089,6.770987376
CM,6.669919696,8.073632752,8.571924515,8.930745903,8.003967717,7.930717695,8.073632752,7.310683427,8.494324124,7.935992076,8.286803033,8.494324124,8.086869461,7.85214137,7.990177617,8.163004287,8.412935488,8.326878587,7.676376042,8.25911058,7.077109672,7.027383859,8.306891204,8.638384009,7.935992076,8.086869461,7.556857917
CM,7.974649907,7.726818671,7.882452555,9.539497346,8.685269104,9.315691797,7.50463662,7.786181593,9.092973035,8.506999962,7.428606263,7.726818671,8.552720541,8.747375146,9.210233263,7.741521749,7.741521749,9.092973035,8.129991896,8.656833461,8.614745704,8.147059577,9.315691797,9.465003928,7.741521749,8.272382603,7.974649907
CM,8.301069303,7.556857917,7.138066514,7.816730062,8.163004287,8.312713106,7.867537648,7.707080729,7.867537648,7.416824912,7.267574788,7.882452555,7.405043561,7.882452555,6.770987376,7.90263332,7.191871351,7.867537648,8.03068305,7.310683427,7.428606263,7.384166616,7.90263332,7.958697576,6.669919696,9.243141265,8.061307798
CM,8.614745704,9.539497346,8.239285297,7.935992076,8.783974456,8.494324124,8.552720541,9.210233263,9.243141265,7.893902103,8.783974456,7.958697576,8.454223419,7.867537648,8.614745704,7.707080729,8.783974456,7.816730062,7.613052909,8.176481669,7.707080729,7.935992076,8.099992445,8.169742978,7.027383859,7.477285517,6.587653114
CM,8.522259932,7.267574788,7.533635355,7.208667008,8.340115956,7.613052909,8.312713106,7.90263332,6.896466985,7.882452555,7.664461748,7.867537648,7.726818671,6.770987376,7.644382953,7.384166616,8.086869461,7.882452555,7.59627125,7.990177617,7.644382953,6.85058447,7.246518726,7.45446007,7.664461748,8.03068305,7.533635355
CM,8.747375146,8.494324124,8.552720541,7.867537648,8.59373944,7.786181593,8.163004287,8.019425031,7.477285517,8.163004287,8.552720541,8.432661687,7.893902103,7.225462664,7.805078639,7.805078639,8.707755833,8.301069303,8.147059577,8.222044584,8.494324124,7.59627125,7.405043561,7.786181593,8.474647065,7.974649907,7.59627125
CM,8.265746592,8.474647065,7.225462664,7.974649907,6.587653114,7.533635355,7.613052909,9.243141265,7.027383859,6.587653114,8.432661687,8.25911058,8.019425031,6.462395419,7.405043561,7.760233992,7.45446007,8.073632752,8.191930996,7.556857917,7.405043561,6.669919696,7.795630116,7.990177617,7.786181593,6.587653114,9.243141265
CM,8.707755833,10.03524489,8.59373944,9.226687264,7.760233992,9.700756412,8.086869461,7.882452555,9.817612404,9.092973035,7.45446007,8.930745903,8.301069303,8.874911742,10.03524489,9.092973035,8.191930996,9.817612404,7.893902103,9.092973035,8.301069303,8.638384009,9.539497346,9.416470186,9.049153004,8.59373944,8.286803033
CM,6.462395419,8.685269104,9.092973035,9.315691797,7.077109672,8.474647065,8.25911058,8.04639093,7.947862935,8.571924515,8.372400643,9.465003928,9.049153004,8.301069303,8.11559798,9.416470186,8.163004287,9.001313027,8.656833461,8.552720541,8.073632752,7.833171298,9.071063019,9.071063019,9.243141265,8.340115956,8.003967717
CM,8.474647065,8.783974456,8.638384009,9.110687628,8.494324124,8.086869461,8.019425031,8.312713106,8.340115956,8.025054041,8.59373944,9.700756412,7.911671268,8.11559798,7.958697576,8.707755833,7.911671268,8.783974456,8.638384009,8.191930996,8.930745903,8.176481669,7.925443314,8.35498296,9.416470186,8.11559798,9.539497346
CM,7.893902103,7.629044783,8.191930996,7.795630116,7.935992076,7.90263332,8.340115956,8.099992445,7.138066514,7.69337339,7.893902103,8.176481669,7.947862935,8.099992445,7.893902103,7.833171298,7.664461748,8.11559798,7.997072667,7.786181593,7.85214137,7.707080729,7.795630116,7.833171298,7.771274038,8.312713106,8.707755833
CM,7.741521749,8.25911058,7.974649907,7.760233992,8.073632752,7.59627125,8.04639093,8.20686787,8.474647065,8.147059577,8.326878587,7.911671268,8.494324124,7.644382953,8.474647065,7.867537648,8.506999962,7.664461748,6.462395419,7.707080729,7.027383859,7.676376042,7.771274038,7.947862935,7.59627125,7.575337072,6.958234367
CM,7.947862935,7.310683427,9.128402222,9.416470186,7.428606263,7.85214137,7.644382953,7.59627125,7.990177617,8.747375146,8.506999962,9.539497346,7.786181593,8.03068305,8.222044584,9.465003928,8.099992445,8.340115956,7.90263332,8.614745704,8.783974456,8.129991896,8.571924515,8.747375146,9.817612404,8.326878587,8.326878587
CM,8.432661687,7.974649907,6.587653114,7.795630116,7.138066514,8.191930996,8.061307798,8.340115956,7.077109672,7.267574788,6.770987376,7.191871351,7.191871351,7.947862935,7.771274038,7.225462664,7.267574788,8.163004287,7.935992076,7.925443314,7.191871351,7.428606263,7.384166616,7.613052909,6.85058447,8.301069303,8.638384009
CM,8.03068305,9.465003928,8.272382603,7.664461748,8.312713106,7.741521749,8.176481669,8.747375146,7.805078639,7.676376042,9.243141265,8.286803033,8.099992445,7.726818671,8.147059577,8.061307798,8.272382603,8.176481669,6.896466985,8.301069303,7.816730062,7.138066514,7.533635355,7.893902103,8.163004287,8.393818508,7.893902103
CM,8.656833461,8.11559798,7.760233992,7.556857917,8.454223419,7.077109672,8.783974456,7.644382953,7.771274038,7.575337072,7.941927505,7.384166616,7.925443314,6.896466985,5.725209121,8.019425031,7.726818671,7.771274038,8.019425031,7.911671268,7.267574788,7.644382953,7.077109672,7.726818671,8.412935488,7.69337339,7.384166616
CM,7.935992076,7.575337072,8.656833461,8.783974456,8.432661687,8.783974456,7.958697576,8.191930996,9.210233263,8.340115956,8.312713106,8.656833461,8.163004287,8.214456227,8.176481669,8.874911742,8.747375146,9.465003928,8.393818508,9.817612404,8.707755833,8.019425031,8.372400643,9.001313027,8.319795847,8.494324124,8.11559798
CM,8.147059577,8.003967717,7.50463662,8.222044584,7.741521749,7.191871351,9.049153004,7.958697576,8.003967717,8.326878587,7.191871351,7.027383859,7.974649907,7.405043561,7.786181593,7.45446007,8.176481669,8.019425031,8.286803033,8.930745903,8.272382603,7.760233992,7.69337339,7.85214137,8.319795847,7.138066514,6.669919696
CM,8.176481669,7.874995101,8.163004287,8.306891204,9.128402222,8.522259932,8.191930996,7.50463662,7.69337339,8.129991896,7.644382953,8.099992445,8.191930996,8.35498296,6.958234367,8.191930996,7.50463662,8.312713106,8.222044584,8.312713106,7.935992076,8.393818508,7.575337072,8.093430953,8.019425031,9.025233015,8.552720541
CM,8.59373944,8.019425031,7.676376042,8.306891204,8.03068305,7.958697576,8.930745903,7.741521749,8.129991896,7.805078639,7.310683427,8.412935488,7.477285517,7.90263332,6.263900089,7.629044783,7.805078639,7.893902103,8.372400643,7.833171298,7.533635355,7.974649907,7.816730062,8.003967717,7.958697576,8.506999962,8.930745903
CM,8.412935488,8.061307798,7.310683427,9.001313027,8.147059577,8.707755833,7.191871351,8.122794938,8.638384009,7.310683427,7.85214137,7.405043561,7.958697576,8.176481669,7.45446007,7.816730062,6.669919696,7.925443314,7.816730062,7.267574788,8.147059577,8.11559798,8.747375146,8.372400643,7.45446007,9.092973035,8.412935488
CM,5.725209121,8.571924515,8.176481669,8.494324124,8.301069303,8.432661687,8.099992445,5.725209121,8.582831977,9.001313027,8.003967717,7.974649907,10.03524489,8.696512468,7.741521749,8.393818508,8.222044584,8.222044584,6.669919696,8.412935488,8.326878587,7.911671268,8.59373944,9.817612404,7.893902103,9.700756412,8.685269104
CM,7.405043561,8.099992445,8.286803033,10.03524489,7.90263332,10.03524489,7.310683427,7.267574788,10.03524489,9.315691797,8.019425031,8.874911742,8.614745704,9.128402222,9.465003928,9.128402222,7.707080729,10.03524489,7.556857917,10.03524489,9.128402222,8.685269104,9.416470186,10.03524489,8.930745903,10.26603666,10.03524489
CM,8.003967717,7.384166616,8.326878587,7.882452555,7.45446007,8.222044584,8.614745704,6.263900089,8.930745903,8.552720541,7.077109672,8.372400643,7.50463662,7.925443314,7.911671268,8.301069303,7.882452555,8.874911742,7.428606263,9.609991437,7.90263332,8.301069303,8.073632752,7.935992076,8.301069303,7.893902103,7.405043561
CM,8.086869461,9.210233263,8.522259932,9.465003928,6.896466985,8.286803033,7.533635355,8.301069303,8.422798587,8.656833461,7.676376042,8.129991896,8.874911742,8.326878587,8.522259932,8.494324124,7.405043561,9.700756412,8.685269104,9.539497346,8.003967717,8.454223419,8.500662043,9.539497346,8.656833461,7.816730062,7.833171298
CM,8.286803033,7.760233992,7.629044783,8.35498296,8.874911742,8.326878587,7.676376042,9.315691797,8.671051282,8.099992445,7.805078639,7.676376042,8.129991896,7.935992076,7.191871351,7.726818671,7.833171298,7.990177617,7.911671268,8.003967717,8.412935488,8.494324124,8.347549458,8.614745704,7.707080729,8.685269104,7.816730062
CM,7.882452555,8.163004287,7.644382953,7.958697576,8.747375146,8.061307798,7.405043561,10.26603666,8.061307798,7.59627125,8.191930996,7.935992076,8.474647065,7.613052909,8.454223419,7.771274038,8.552720541,7.974649907,8.474647065,7.533635355,8.393818508,6.896466985,7.707080729,8.093430953,7.533635355,8.163004287,7.760233992
CM,6.088406277,8.432661687,8.301069303,8.571924515,8.707755833,8.03068305,7.138066514,7.760233992,7.893902103,8.073632752,8.129991896,9.001313027,9.700756412,7.771274038,8.20686787,8.340115956,7.225462664,7.947862935,6.85058447,7.225462664,8.340115956,7.533635355,7.842656334,8.494324124,8.454223419,8.571924515,8.614745704
CM,8.191930996,8.129991896,8.312713106,7.842656334,8.04639093,8.25911058,7.556857917,7.925443314,6.669919696,8.239285297,8.061307798,8.638384009,7.867537648,8.25911058,6.896466985,8.372400643,8.003967717,8.03068305,7.726818671,7.947862935,7.805078639,8.03068305,8.412935488,8.199399433,8.20686787,8.412935488,9.092973035
CM,7.805078639,8.552720541,8.25911058,9.817612404,7.882452555,9.817612404,7.69337339,7.191871351,10.26603666,9.243141265,7.990177617,8.747375146,8.222044584,9.092973035,9.243141265,9.210233263,7.676376042,10.26603666,7.707080729,10.26603666,9.243141265,8.874911742,9.465003928,10.26603666,9.001313027,10.03524489,10.26603666
CM,7.138066514,9.001313027,7.59627125,7.59627125,7.805078639,7.027383859,7.786181593,7.477285517,7.267574788,6.958234367,8.25911058,7.45446007,8.656833461,6.958234367,7.310683427,7.882452555,7.533635355,7.556857917,7.246518726,8.163004287,7.613052909,8.061307798,6.896466985,8.169742978,8.494324124,7.911671268,7.990177617
CM,7.477285517,8.638384009,8.073632752,8.138525736,8.086869461,9.128402222,7.477285517,8.707755833,8.363691801,8.003967717,8.04639093,8.04639093,8.04639093,8.129991896,8.372400643,8.272382603,7.575337072,8.286803033,7.477285517,8.03068305,7.974649907,8.326878587,8.086869461,8.061307798,7.911671268,7.208667008,7.935992076
CM,6.263900089,8.147059577,7.556857917,8.025054041,6.462395419,7.882452555,7.629044783,6.587653114,8.707755833,8.312713106,6.896466985,7.925443314,8.286803033,7.575337072,7.59627125,8.04639093,7.556857917,7.911671268,6.587653114,8.571924515,8.107795213,7.867537648,7.997072667,9.128402222,9.539497346,7.533635355,8.59373944
CM,8.312713106,8.326878587,7.664461748,9.110687628,7.816730062,8.272382603,7.575337072,8.552720541,7.816730062,7.741521749,8.272382603,8.340115956,8.312713106,8.656833461,8.301069303,8.086869461,7.477285517,8.930745903,7.69337339,8.474647065,8.129991896,8.239285297,8.638384009,9.609991437,8.086869461,8.432661687,9.700756412
CM,7.45446007,9.700756412,8.129991896,8.340115956,7.310683427,8.20686787,7.726818671,9.609991437,9.539497346,8.086869461,8.163004287,7.833171298,9.243141265,7.974649907,9.092973035,8.412935488,8.454223419,8.272382603,8.25911058,9.243141265,7.629044783,8.003967717,8.930745903,8.685269104,8.222044584,7.208667008,8.372400643
CM,7.613052909,8.239285297,7.428606263,8.614745704,7.925443314,9.210233263,7.816730062,8.073632752,8.747375146,8.35498296,7.027383859,7.59627125,8.11559798,8.571924515,8.019425031,7.428606263,7.384166616,8.494324124,7.741521749,8.272382603,8.454223419,8.163004287,8.552720541,8.582831977,7.191871351,8.222044584,9.001313027
CM,7.707080729,7.833171298,8.099992445,7.893902103,7.958697576,7.947862935,8.301069303,8.061307798,6.958234367,7.613052909,7.925443314,8.301069303,6.85058447,8.003967717,7.816730062,7.664461748,7.786181593,8.003967717,7.997072667,7.805078639,7.911671268,7.310683427,7.842656334,7.805078639,7.833171298,8.522259932,8.656833461
CM,7.310683427,8.747375146,7.45446007,8.638384009,8.129991896,9.416470186,7.925443314,8.03068305,8.671051282,8.25911058,6.587653114,7.760233992,7.428606263,8.696512468,7.974649907,7.50463662,7.69337339,8.35498296,7.45446007,8.326878587,8.35498296,8.412935488,8.500662043,8.312713106,7.138066514,8.04639093,9.049153004
CM,7.911671268,7.85214137,6.263900089,5.725209121,7.664461748,7.267574788,9.210233263,8.393818508,6.85058447,7.416824912,7.138066514,6.263900089,7.545246636,6.85058447,7.707080729,6.896466985,9.128402222,7.428606263,7.191871351,7.191871351,5.725209121,7.267574788,5.725209121,7.405043561,6.088406277,7.676376042,7.138066514
CM,8.061307798,7.664461748,9.049153004,7.613052909,7.575337072,7.556857917,9.609991437,7.629044783,8.191930996,7.644382953,9.210233263,9.128402222,7.882452555,7.59627125,7.077109672,8.003967717,8.930745903,7.384166616,8.04639093,7.59627125,7.138066514,8.286803033,7.138066514,7.676376042,8.11559798,7.027383859,6.85058447
CM,7.760233992,8.199399433,8.003967717,8.163004287,8.176481669,7.893902103,8.393818508,7.225462664,8.393818508,8.393818508,6.263900089,7.664461748,8.707755833,8.614745704,8.656833461,7.958697576,7.816730062,8.747375146,7.629044783,7.85214137,7.676376042,8.656833461,8.286803033,8.199399433,7.50463662,8.638384009,7.805078639
CM,8.783974456,8.393818508,5.725209121,8.061307798,6.770987376,8.454223419,7.947862935,9.001313027,7.664461748,7.50463662,7.556857917,7.771274038,7.760233992,7.267574788,8.04639093,7.027383859,7.644382953,8.239285297,8.422798587,8.506999962,7.760233992,7.786181593,7.935992076,8.129991896,6.896466985,6.85058447,9.315691797
CM,8.163004287,8.412935488,7.911671268,8.272382603,7.613052909,8.562322528,8.129991896,6.958234367,7.556857917,8.372400643,5.725209121,8.163004287,8.340115956,7.760233992,7.69337339,8.638384009,7.59627125,8.147059577,7.760233992,9.049153004,7.882452555,7.771274038,8.191930996,8.272382603,8.685269104,7.786181593,8.147059577
CM,7.585804161,9.049153004,8.04639093,8.412935488,9.001313027,8.656833461,7.077109672,7.805078639,9.700756412,8.454223419,8.239285297,8.20686787,8.747375146,8.474647065,8.129991896,7.974649907,8.614745704,8.685269104,7.925443314,8.147059577,8.656833461,8.20686787,8.783974456,9.071063019,8.191930996,8.372400643,8.03068305
CM,6.85058447,8.286803033,6.85058447,6.587653114,6.958234367,7.405043561,7.974649907,7.384166616,7.644382953,7.191871351,7.882452555,7.428606263,8.372400643,5.725209121,7.629044783,6.958234367,7.629044783,7.477285517,5.725209121,7.90263332,6.587653114,7.575337072,6.263900089,7.974649907,7.384166616,6.088406277,7.45446007
CM,8.506999962,7.893902103,8.019425031,7.726818671,6.263900089,8.393818508,9.243141265,7.027383859,8.454223419,8.783974456,6.85058447,7.644382953,8.59373944,8.393818508,9.609991437,7.911671268,8.874911742,8.191930996,8.20686787,9.128402222,7.664461748,7.613052909,8.03068305,8.239285297,8.432661687,7.664461748,7.428606263
CM,8.129991896,8.03068305,7.867537648,8.04639093,7.556857917,8.638384009,8.286803033,8.086869461,8.03068305,8.11559798,7.771274038,8.03068305,8.393818508,8.272382603,7.925443314,7.676376042,7.077109672,8.638384009,7.947862935,8.393818508,8.685269104,8.099992445,7.947862935,8.222044584,8.522259932,7.90263332,8.086869461
CM,8.11559798,8.04639093,9.539497346,8.522259932,8.061307798,6.896466985,7.428606263,9.539497346,6.088406277,6.088406277,10.26603666,10.26603666,8.685269104,7.45446007,7.85214137,9.243141265,6.958234367,7.613052909,8.099992445,6.85058447,7.726818671,7.191871351,7.974649907,8.506999962,10.03524489,7.077109672,8.191930996
CM,7.771274038,8.930745903,8.614745704,7.911671268,8.11559798,8.163004287,7.90263332,8.122794938,8.422798587,8.707755833,7.911671268,8.312713106,8.25911058,8.638384009,8.783974456,8.147059577,7.85214137,8.571924515,7.664461748,8.073632752,8.432661687,7.664461748,8.874911742,8.25911058,8.099992445,7.867537648,7.741521749
CM,7.585804161,8.506999962,8.061307798,7.644382953,8.019425031,7.805078639,8.474647065,9.128402222,7.882452555,7.90263332,8.03068305,7.85214137,8.061307798,7.833171298,8.003967717,8.03068305,8.393818508,8.59373944,6.958234367,7.893902103,8.163004287,7.50463662,8.239285297,7.867537648,7.90263332,7.925443314,7.726818671
CM,7.50463662,8.301069303,7.833171298,7.629044783,7.85214137,7.384166616,8.494324124,7.533635355,7.958697576,7.833171298,7.50463662,7.947862935,7.267574788,7.816730062,7.882452555,7.644382953,7.990177617,7.958697576,7.405043561,7.741521749,8.107795213,6.587653114,7.726818671,8.03068305,8.003967717,7.741521749,7.69337339
CM,7.077109672,8.35498296,8.393818508,8.506999962,8.412935488,8.239285297,7.707080729,7.911671268,8.272382603,8.614745704,8.147059577,8.474647065,9.210233263,8.286803033,8.685269104,8.571924515,8.147059577,9.416470186,7.027383859,8.783974456,8.747375146,8.552720541,9.071063019,9.700756412,9.465003928,9.465003928,8.522259932
CM,8.222044584,8.222044584,7.990177617,8.191930996,8.286803033,8.506999962,8.685269104,8.222044584,7.974649907,8.222044584,7.833171298,8.222044584,7.935992076,8.340115956,8.326878587,7.935992076,8.04639093,8.707755833,8.571924515,8.286803033,8.552720541,8.312713106,8.432661687,8.293936168,8.129991896,7.947862935,8.35498296
CM,8.326878587,7.805078639,7.726818671,7.310683427,7.027383859,7.930717695,8.412935488,8.147059577,7.533635355,7.990177617,7.225462664,7.533635355,6.958234367,7.428606263,7.575337072,8.239285297,7.958697576,8.412935488,8.422798587,8.239285297,7.477285517,7.405043561,7.664461748,7.816730062,8.04639093,7.45446007,7.310683427
CM,8.073632752,8.272382603,8.747375146,8.474647065,6.669919696,8.073632752,8.35498296,8.35498296,8.20686787,8.286803033,8.11559798,9.315691797,8.176481669,8.086869461,8.272382603,8.432661687,8.35498296,8.20686787,8.272382603,8.494324124,8.474647065,8.25911058,8.656833461,8.403376998,9.092973035,8.099992445,8.25911058
CM,8.372400643,7.935992076,7.925443314,8.138525736,7.644382953,8.301069303,8.571924515,7.556857917,9.001313027,8.301069303,7.69337339,8.191930996,7.384166616,8.412935488,8.25911058,7.990177617,8.494324124,8.086869461,8.552720541,8.086869461,8.286803033,8.59373944,8.347549458,9.210233263,7.805078639,8.199399433,7.786181593
CM,7.85214137,7.816730062,7.267574788,6.896466985,8.191930996,7.911671268,10.03524489,7.45446007,7.676376042,7.556857917,7.816730062,6.770987376,6.587653114,7.50463662,6.088406277,7.613052909,8.372400643,7.726818671,8.312713106,8.099992445,6.088406277,7.805078639,7.027383859,7.556857917,7.428606263,6.896466985,5.725209121
CM,7.556857917,8.372400643,7.575337072,7.925443314,7.191871351,9.001313027,8.372400643,8.432661687,9.049153004,7.629044783,6.958234367,7.50463662,7.676376042,8.061307798,8.506999962,7.556857917,6.896466985,8.474647065,7.533635355,7.882452555,8.019425031,8.707755833,8.326878587,8.326878587,7.477285517,7.267574788,9.210233263
CM,7.267574788,7.741521749,7.191871351,7.208667008,8.239285297,8.003967717,9.315691797,7.077109672,8.163004287,7.958697576,7.90263332,6.088406277,6.669919696,6.263900089,7.947862935,6.669919696,8.656833461,7.629044783,7.786181593,7.613052909,7.575337072,6.958234367,7.59627125,7.707080729,6.587653114,7.556857917,7.225462664
CM,7.225462664,7.45446007,7.935992076,6.85058447,8.522259932,7.629044783,8.432661687,9.049153004,7.384166616,6.85058447,8.656833461,7.893902103,8.571924515,7.556857917,8.061307798,7.59627125,8.432661687,7.741521749,7.85214137,7.935992076,7.947862935,6.462395419,7.191871351,7.893902103,7.85214137,7.59627125,7.027383859
CM,7.027383859,7.428606263,7.707080729,7.842656334,7.771274038,8.129991896,8.506999962,8.506999962,8.222044584,8.412935488,7.384166616,7.629044783,7.664461748,8.239285297,7.428606263,7.267574788,7.310683427,7.90263332,7.384166616,7.816730062,8.191930996,8.340115956,7.958697576,8.11559798,7.990177617,8.147059577,8.340115956
CM,7.990177617,7.958697576,8.474647065,8.685269104,8.222044584,8.019425031,8.20686787,8.874911742,8.326878587,8.272382603,9.817612404,9.049153004,7.310683427,8.214456227,8.494324124,9.049153004,8.326878587,9.315691797,7.310683427,8.685269104,8.571924515,7.947862935,8.306891204,8.552720541,8.783974456,7.935992076,7.90263332
CM,6.587653114,7.405043561,7.384166616,6.770987376,8.35498296,7.771274038,9.465003928,6.896466985,7.935992076,7.138066514,7.741521749,7.575337072,7.225462664,7.911671268,7.664461748,6.263900089,8.474647065,7.69337339,8.340115956,7.138066514,6.669919696,8.506999962,7.613052909,7.629044783,6.263900089,6.770987376,6.088406277
CM,7.726818671,7.947862935,8.03068305,8.656833461,7.477285517,7.990177617,8.11559798,9.817612404,7.760233992,8.025054041,9.128402222,8.707755833,7.833171298,7.893902103,8.874911742,8.522259932,8.301069303,8.454223419,7.833171298,8.874911742,8.59373944,7.882452555,8.04639093,8.474647065,7.974649907,7.833171298,7.958697576
CM,8.265746592,8.656833461,6.669919696,6.263900089,7.50463662,7.664461748,7.935992076,8.571924515,7.629044783,6.770987376,7.575337072,7.225462664,8.073632752,7.310683427,8.393818508,6.462395419,7.027383859,8.099992445,8.11559798,8.432661687,7.893902103,6.770987376,7.629044783,7.533635355,6.770987376,7.428606263,7.771274038
CM,7.676376042,9.092973035,7.027383859,7.771274038,7.629044783,8.562322528,8.707755833,7.947862935,8.11559798,7.867537648,7.726818671,7.267574788,7.575337072,7.990177617,7.50463662,6.587653114,7.947862935,7.833171298,6.770987376,7.664461748,7.741521749,8.04639093,7.741521749,7.925443314,7.267574788,7.85214137,8.494324124
CM,6.958234367,9.416470186,8.20686787,8.025054041,7.833171298,8.147059577,7.85214137,8.474647065,9.609991437,8.061307798,8.301069303,8.061307798,7.90263332,8.191930996,8.59373944,7.786181593,9.539497346,7.805078639,6.088406277,7.958697576,8.638384009,8.474647065,8.393818508,9.243141265,7.644382953,8.454223419,7.629044783
CM,7.191871351,7.477285517,8.147059577,8.286803033,6.85058447,8.099992445,9.128402222,8.412935488,9.128402222,8.638384009,7.613052909,8.35498296,7.707080729,8.163004287,8.35498296,8.312713106,8.312713106,8.372400643,8.35498296,8.454223419,7.833171298,8.571924515,8.20686787,8.930745903,8.614745704,7.726818671,7.947862935
CM,7.90263332,8.707755833,6.896466985,7.138066514,7.974649907,7.833171298,10.26603666,7.85214137,7.50463662,5.725209121,7.629044783,6.587653114,7.138066514,7.027383859,6.669919696,7.69337339,8.638384009,7.760233992,8.506999962,7.629044783,6.770987376,8.086869461,7.246518726,7.741521749,7.867537648,7.629044783,6.896466985
CM,7.833171298,7.990177617,7.69337339,7.027383859,7.69337339,7.428606263,9.539497346,7.833171298,7.428606263,8.432661687,7.974649907,7.138066514,8.03068305,6.587653114,6.462395419,7.477285517,7.893902103,7.575337072,8.176481669,7.50463662,6.85058447,7.990177617,6.958234367,7.664461748,8.552720541,7.405043561,7.191871351
CM,7.533635355,8.176481669,6.088406277,6.088406277,8.372400643,6.958234367,8.454223419,8.003967717,6.587653114,7.027383859,7.59627125,6.462395419,7.629044783,7.077109672,6.85058447,6.85058447,7.867537648,7.50463662,7.867537648,7.077109672,7.225462664,5.725209121,6.088406277,7.384166616,6.958234367,8.199399433,7.477285517
CM,7.69337339,7.874995101,6.770987376,6.462395419,8.638384009,7.225462664,7.911671268,8.249197938,7.707080729,6.462395419,8.522259932,7.077109672,8.20686787,7.805078639,7.676376042,7.533635355,6.587653114,7.45446007,7.138066514,6.958234367,7.384166616,6.088406277,6.462395419,7.428606263,7.077109672,8.783974456,7.676376042
CM,8.20686787,7.533635355,8.412935488,8.372400643,8.614745704,8.340115956,7.990177617,8.454223419,8.176481669,7.911671268,8.176481669,8.571924515,8.432661687,8.372400643,7.833171298,8.783974456,6.770987376,8.522259932,8.061307798,8.522259932,8.25911058,7.629044783,8.272382603,8.293936168,9.315691797,9.128402222,8.129991896
CM,8.04639093,8.522259932,7.90263332,7.69337339,7.267574788,7.974649907,8.522259932,8.163004287,7.741521749,7.947862935,8.099992445,8.552720541,7.077109672,7.477285517,7.225462664,8.176481669,7.974649907,7.935992076,8.494324124,7.384166616,7.958697576,8.073632752,7.760233992,7.911671268,8.272382603,7.958697576,8.783974456
CM,7.816730062,7.925443314,6.462395419,7.267574788,7.726818671,7.644382953,9.817612404,8.522259932,7.786181593,7.816730062,7.941927505,7.613052909,7.613052909,7.707080729,7.760233992,7.191871351,8.286803033,8.061307798,8.301069303,7.726818671,7.310683427,7.45446007,7.676376042,7.644382953,7.726818671,7.310683427,8.176481669
CM,6.896466985,7.911671268,8.685269104,7.947862935,7.676376042,7.69337339,8.03068305,8.176481669,7.85214137,7.533635355,8.614745704,8.326878587,8.239285297,7.664461748,8.163004287,7.925443314,8.03068305,8.506999962,8.163004287,8.35498296,8.222044584,7.90263332,7.911671268,8.03068305,7.947862935,7.707080729,7.50463662
CM,7.644382953,9.609991437,7.786181593,7.990177617,7.59627125,8.35498296,9.001313027,7.428606263,8.099992445,8.930745903,7.405043561,7.707080729,7.59627125,8.506999962,9.128402222,7.947862935,7.613052909,9.609991437,8.614745704,9.315691797,7.925443314,8.783974456,8.614745704,8.707755833,8.393818508,8.019425031,8.454223419
CM,7.867537648,8.086869461,7.947862935,7.45446007,7.947862935,7.816730062,9.092973035,7.664461748,8.874911742,8.20686787,7.760233992,6.958234367,8.003967717,8.019425031,8.03068305,7.138066514,8.25911058,8.04639093,8.707755833,8.747375146,8.04639093,8.747375146,7.893902103,8.03068305,7.816730062,8.176481669,6.263900089
CM,7.786181593,7.50463662,7.816730062,7.077109672,8.552720541,7.138066514,8.59373944,8.326878587,7.310683427,6.263900089,7.867537648,8.019425031,8.35498296,7.533635355,6.587653114,7.077109672,7.935992076,7.533635355,8.239285297,6.896466985,7.45446007,7.893902103,7.310683427,7.69337339,8.061307798,8.061307798,7.867537648
CM,8.454223419,8.59373944,7.477285517,7.676376042,7.384166616,8.04639093,8.656833461,7.676376042,8.506999962,7.384166616,7.533635355,6.669919696,7.027383859,8.312713106,8.286803033,6.088406277,7.138066514,8.25911058,6.263900089,7.867537648,7.786181593,8.372400643,8.11559798,8.073632752,7.225462664,7.50463662,8.099992445
