Group,ANGPT2,CA4,CALCA,PADI4,SLC2A3,TNFAIP6
Control,7.84178203,280.1719754,-1.569876142,2445.782646,6112.112275,760.260201
Control,-3.235443147,149.4694486,-5.059159695,810.0172501,4517.272945,631.9589133
Control,1.571245685,155.6684215,-4.870337766,869.7113487,3680.251664,844.6266004
Control,9.218301523,284.6752564,-4.425801929,2253.59481,6527.508437,521.0815734
Control,-3.291371472,514.5159809,-4.376068325,1184.908106,6094.517553,901.0186648
Control,2.444017005,261.4823932,4.215371269,1340.647803,5414.570088,331.1330198
Control,-0.892214975,165.8539941,2.271311269,909.9704764,4451.836794,156.5183026
Control,-1.177936244,84.9823399,-3.967058883,1312.188408,5705.598159,950.8729456
Control,-1.52764599,396.0968272,-5.913784162,1579.06129,6023.47592,536.5265314
Control,2.980274213,245.6464259,-8.655638223,1401.414516,4399.342827,204.0686621
Control,-1.845676751,221.5677935,-5.919634619,1256.624561,4144.253191,493.2794715
Control,0.226861624,209.5718522,-3.416572234,1908.328403,5244.488352,214.2300553
Control,6.432287005,347.6163713,-9.757399797,1038.203793,6969.138832,1934.647935
Control,0.074236751,552.4299885,-6.446499898,2712.139573,8385.044332,1610.843392
Control,6.140291269,239.8071463,-3.720166599,1583.73622,4738.300152,2022.887927
Control,-1.12370335,464.9686096,-1.597006497,1923.587735,7856.37946,580.1366541
Control,4.619311168,247.7981257,-9.077757665,1599.719156,7856.37946,1077.389777
Control,0.591431878,79.11088944,-8.244785584,503.7046777,5563.158693,365.8067312
Control,3.282766091,213.528293,-5.309989645,1335.952378,5356.590077,1151.637902
Control,-6.106857056,269.6631314,-9.159051066,971.3531301,6363.191376,964.4331183
Control,7.293581929,539.1544849,-8.850563046,2746.272328,4968.63214,690.4810979
Control,0.532813604,250.2124289,-7.397385584,959.4842939,4943.935981,999.3056698
Control,-0.463883046,232.609209,-0.139606091,1155.958614,4034.555226,631.0238641
Control,2.819995025,291.9051364,-5.771414721,1402.665506,3750.206169,547.4383573
Control,0.244722132,203.7120688,-0.001560508,706.311274,3782.052731,1344.236428
Control,1.572432589,247.6482192,-9.147039289,1036.740724,5285.950044,534.8502079
Control,8.284912589,451.056073,-5.399594112,1375.440611,5285.950044,1934.647935
Control,-1.225856447,250.9967469,-1.933990457,2367.248214,4318.891912,312.4632043
Control,-3.033598579,287.5106726,-1.715880812,1246.569224,5563.158693,329.6373475
Control,-4.925500102,282.9054162,-10.5275669,1402.665506,5473.612377,387.6657698
Control,2.652249746,151.7753206,-12.48233523,955.720684,3872.048281,311.5267542
Control,-2.449124315,488.3457737,1.649268122,1966.536277,4580.992943,1498.955043
Control,-0.878048223,257.6187072,-5.002016751,958.8706297,3948.417235,645.6910715
Control,1.260773807,412.3944578,-7.206067005,1415.369864,6696.37267,1648.773562
Control,3.162918173,248.2591157,-10.92357523,867.6278463,3321.533276,588.0656903
Condition,-2.164785431,109.9689566,-0.623733909,724.7433066,3102.078102,1326.802326
Condition,-0.765238883,185.6808623,-11.1432666,1241.505474,3327.83378,466.9068481
Condition,4.784326294,215.1961562,-1.046801269,1199.827034,4399.342827,971.9953628
Condition,4.067828426,133.0105798,-5.921830558,1473.753741,3141.853579,1066.783207
Condition,6.275061929,143.6159631,-5.690075533,1071.311244,5956.050714,773.3626183
Condition,-1.774078883,56.46365279,-8.904687716,395.9509524,2638.92743,1129.249318
Condition,8.790029543,105.2119006,-3.665505685,1479.225208,4441.294673,848.0846893
Condition,-3.691099797,183.9741617,3.401881421,1118.567138,2724.877652,1679.428369
Condition,1.183224822,146.1250636,4.759750964,1168.597437,5689.084826,947.8751691
Condition,0.854133604,171.0674142,-10.40197168,826.0106487,8034.256175,1682.928803
Condition,-4.304205888,377.2181861,-2.593449442,2295.289979,4379.562307,1154.251897
Condition,-2.758937766,173.2101638,-3.963324467,1359.693931,2776.756275,746.391911
Condition,5.153308122,440.0918245,2.333469543,3855.046953,4762.178697,726.3165163
Condition,-3.014160305,64.94080426,0.426181827,2025.166482,2902.881029,388.2580426
Condition,-4.596085939,115.5407117,-5.185704975,926.0574026,2716.211243,949.0828175
Condition,11.18310091,630.7338978,-6.164826701,1734.716484,4505.99578,1939.002731
Condition,8.166615838,357.6004808,-6.15774934,1845.260105,3290.038218,684.4163879
Condition,4.950378579,380.5763025,2.611210863,1693.450288,3562.517437,485.2949588
Condition,-8.272976244,376.6657803,-1.362854518,2878.538012,5563.158693,894.8858188
Condition,-1.608061117,471.6823446,-2.966086802,2092.152942,5081.717097,1125.142547
Condition,-8.181381827,131.2763338,-3.282641523,1533.611094,2373.635313,310.0552579
Condition,-0.899587817,77.10647239,-8.678964061,1015.650044,3247.523043,1014.930368
Condition,-2.913406396,316.6666265,-12.51540112,1345.354652,11277.73589,3096.53441
Condition,2.215089442,123.4853538,2.753139086,776.4158864,3711.302518,380.8534738
Condition,-2.649441624,122.4367226,-4.718748426,1331.277678,4144.253191,1438.747891
Condition,5.035899188,164.8651509,-7.552294416,785.5483615,7439.621599,8034.256175
Condition,-0.848723249,74.77795604,1.185201421,966.9412641,4318.891912,1955.115229
Condition,1.109831675,152.5042035,-8.544390964,1464.262736,6323.994602,2840.248831
Control,10.45384843,181.6587885,2.879496853,2466.73921,4298.747158,710.4321495
Control,6.189644975,347.7425441,-7.722625584,1287.210969,5473.612377,1545.706429
Control,10.9112402,113.4675787,5.316791472,1461.575484,3477.961635,240.6195826
Control,8.746996041,113.786608,-6.608767817,2546.255967,3905.974297,605.265315
Control,4.161661624,163.7915656,0.488935025,2603.286279,4008.848787,633.4446719
Control,3.780632792,180.7646348,-4.506709036,3096.53441,5657.569403,932.9962066
Control,2.179265381,162.9944774,-2.841790558,2389.847371,3830.594199,1076.63326
Control,-2.470351523,319.6167399,-6.534256345,2236.066896,6853.490175,850.0584607
Control,4.208754721,249.8245979,-5.127948325,2323.188439,5753.608036,671.9690878
Condition,-6.652517259,180.655878,-11.69886396,2987.243642,4919.95048,787.7709001
Condition,2.861295635,65.78432244,-13.30549695,2018.118654,2922.408886,167.5140727
Condition,2.145699695,330.5583274,-0.512398071,3017.501802,5272.695814,357.4682985
Condition,-0.986194619,113.9463855,7.536178934,2109.90534,3271.909655,136.9207236
Condition,1.427731015,440.6027229,-10.16594538,3688.067158,4441.294673,851.6224483
Condition,6.095017107,256.3219022,6.348898477,2997.291532,5626.118057,681.6393438
Condition,-1.614120203,397.8881715,0.344142234,2623.022874,6569.007136,854.1232181
Condition,1.500760305,167.886227,0.127173299,2061.553619,4692.947625,572.6417804
Condition,4.597720914,85.17105543,-8.364812792,1959.77668,3378.770291,208.5839673
Condition,0.330166294,123.4458576,-2.931171168,2149.922078,3766.425026,191.3623855
Condition,0.504808629,107.6658617,-5.064581117,1943.700757,3814.551927,175.7991283
Condition,0.625034112,236.4042618,-5.354934924,2373.635313,5231.263847,1801.394625
Condition,-2.610240558,355.1449494,8.285398782,1424.371932,4895.365055,1764.773129
Condition,0.438806904,182.0734506,2.598472995,2546.255967,4008.848787,372.5270655
Condition,4.780756041,112.9836341,-5.735851523,1785.756102,3711.302518,285.2337838
Condition,7.505303046,79.15422152,-18.80291766,2221.647607,3069.622175,133.5375199
Condition,10.20445919,172.5264147,2.128318883,1826.837451,4968.63214,765.2766846
Condition,4.472827411,156.6524079,-1.020972589,2265.654218,4134.868184,491.4276051
Condition,12.06919645,359.4209625,-4.114053096,2687.214474,6403.909575,650.4486114
Condition,7.693934112,157.2754262,-2.218071777,1736.547779,2741.89246,237.4228286
Condition,1.280683756,80.55386619,-0.457435127,3199.892309,3397.968327,520.6287282
Condition,3.125503452,267.7082871,-1.722508122,1542.59398,3217.888495,689.3780594
Condition,1.149427208,93.81005147,-7.960850355,2380.096765,3583.764946,495.565446
Condition,5.140692386,261.8869397,-4.381691066,3872.048281,4681.873625,371.0213536
Condition,4.691572792,91.89497878,-5.212914924,1428.239967,2897.960096,403.8111278
Condition,3.746614213,118.137338,-5.224597157,2196.345416,3583.764946,263.2156648
Condition,4.146108477,383.5098696,-10.70417046,4190.782223,6674.520342,1147.194264
Condition,0.563725685,100.3862837,-10.4158931,2703.664802,3211.94864,861.3654176
Condition,2.135510863,65.32390173,-0.834495736,1377.886124,2844.980452,105.8351494
Condition,5.350585888,503.902281,-3.571607817,4591.549569,7548.444225,2310.542582
Condition,4.054870761,64.92328254,3.934720812,2061.553619,3347.302858,869.7113487
Condition,-3.139536041,296.2910542,-1.178487513,2803.772283,4153.679631,397.5892149
Condition,3.634394213,125.0622678,-6.010124162,1871.984801,3359.897131,137.0389542
Condition,-0.668334721,97.21400447,-3.363385178,2449.207711,2746.272328,785.116062
Condition,2.235710914,205.5725368,-1.01278736,2271.344538,3703.420262,287.7863927
Condition,2.374481218,142.0925435,-3.287418579,4258.619092,4308.56514,1032.438679
Condition,9.12619335,104.1288013,3.95950467,2039.549177,3534.01864,210.5044774
Condition,9.756332284,103.2824697,-3.608100711,2655.042844,4298.747158,385.9394923
Condition,4.392779086,87.64888934,0.970315127,1910.493866,3007.529181,370.0855263
Condition,9.47821401,153.6956731,-12.96371228,2623.022874,3814.551927,447.6200955
Control,7.468651371,452.6815617,-0.747784112,1723.713103,6611.414538,836.2523743
Control,18.99861645,347.4929479,-1.172158376,3665.163483,6717.731333,573.4541615
Control,-1.072398071,507.2008174,-10.57024244,2946.96374,7234.878869,1068.280247
Control,6.164787107,391.3583676,-8.870802335,2227.343852,7601.559031,932.9962066
Control,-2.300779086,390.0263536,5.890378274,4181.662528,6487.066558,820.2675784
Control,3.329407005,520.4074589,-8.209482335,2136.322261,7574.852797,803.9385027
Control,2.199900508,571.8320304,-0.467609645,3199.892309,6547.818528,622.5102505
Control,-3.715332183,312.4632043,-6.453301523,2662.909606,5657.569403,663.5404259
Control,1.959352386,233.3152005,-7.048457056,1886.712385,6187.289482,1667.316784
Control,9.603267919,297.4655157,-10.11899421,2051.890757,4919.95048,503.262293
Control,-7.8772,450.1406099,3.335109848,2128.281037,5203.392758,526.8348039
Control,-1.092324569,467.6530625,-12.6692602,1480.602768,5689.084826,668.2233655
Control,3.169544467,236.7779006,-9.095524873,1738.478234,4859.936657,914.5181546
Control,5.100228528,228.0092133,-4.830858985,1496.161322,4538.843536,394.0226939
Control,3.696489036,246.9491519,0.259964975,1712.851994,5121.47926,1285.087093
Control,2.727084467,193.223871,-15.24193584,1720.090511,4505.99578,615.291011
Control,-4.18779736,300.7748231,4.678306396,2422.451503,5272.695814,867.6278463
Control,3.539069848,271.7589991,-1.031230812,3359.897131,5820.61092,547.4383573
Control,4.893926193,232.4652061,-12.76564051,1345.354652,4704.7678,1261.920782
Control,0.372734619,522.2216565,-5.322542944,3048.810211,5989.479994,919.6993861
Control,-1.993948426,175.2416544,-7.649005787,1337.137239,4681.873625,386.9576397
Control,5.304840609,271.0500911,-2.322165381,2141.932082,5854.158568,1170.381634
Control,2.330103756,228.5623286,11.41105949,1426.847786,5626.118057,1366.932534
Control,8.173804264,538.1989919,-9.793384264,3484.944261,6206.795796,635.8969832
Condition,0.759119086,524.2902828,-8.779861117,3118.631105,5854.158568,428.0608499
Condition,-4.872280711,470.1369747,-6.162217766,4379.562307,7548.444225,900.4507954
Condition,-1.606799086,352.0013431,-10.98648467,3334.329311,7466.037855,816.0546784
Condition,4.910030863,571.8320304,-1.47104731,2966.775553,6761.244974,436.4296645
Condition,0.428532284,144.0688664,-2.906825888,986.0299303,4494.970863,466.7141012
Condition,0.898559898,805.332427,-8.66213198,4328.232655,6282.76466,1102.320704
Condition,8.288230964,282.0990602,-4.583280711,1880.278695,4786.348352,246.3345615
Condition,-1.250081371,294.3321389,7.113240102,1517.665079,5547.63005,502.6141874
Condition,3.260015838,500.048392,-2.546616751,2932.508915,6969.138832,844.6266004
Condition,0.331256142,603.8267613,8.052615635,3253.542505,7711.205794,588.6002885
Condition,0.434392589,258.9305704,-5.841109036,2435.623334,6611.414538,283.926621
Condition,1.417307411,725.9212355,-4.776249543,4379.562307,7711.205794,1135.144086
Condition,-6.245418376,474.1645074,-4.216753706,3956.676265,6041.435303,503.7046777
Condition,0.690821015,198.7195621,-4.533973299,1871.984801,4943.935981,444.4324198
Condition,-3.849865482,305.8872892,-2.133430355,2741.89246,5147.993248,451.4295928
Condition,-4.307992589,198.6615273,-3.189757563,2149.922078,6167.569598,1091.315714
Condition,6.749004365,313.1016074,-8.743532183,1295.713841,6423.912644,621.9275908
Condition,9.683993909,239.2032481,-2.335994822,2691.389193,5370.807019,613.1950729
Condition,-1.984568426,421.7325265,-9.466587513,3491.494699,6487.066558,716.388507
Condition,6.486776853,415.7507966,5.60754467,3321.533276,7711.205794,6263.85676
Condition,2.410467817,443.906536,6.457620609,3032.882747,10396.39984,3247.523043
Condition,1.131504772,958.8706297,-2.67060264,5657.569403,7601.559031,1618.978272
Condition,6.401813401,183.5459578,-21.15650173,2643.16732,5328.035855,828.8748682
Condition,7.629268122,238.0162366,-3.493055431,4000.361201,8192.988395,1632.18367
Condition,0.19644665,424.8642199,-6.177218579,2883.393854,11168.7253,4462.213548
Condition,-1.313181624,212.3227012,-6.469527614,2527.736228,4441.294673,769.0675385
Condition,1.009849645,262.7118446,5.625630964,1421.786459,7493.823045,683.3601103
Condition,-3.9507,860.8464938,-8.438276244,4008.848787,14776.75385,3012.57289
Condition,-12.90123442,80.02252924,2.62709198,2844.980452,3931.861261,326.4414325
Condition,-5.245222944,472.2443804,-4.931141827,3404.197722,10154.83618,2236.066896
Condition,7.646863553,21.43230041,-1.87482731,717.8848842,7.20315401,9.85858132
Condition,4.097179898,525.8797575,-10.0981133,3766.425026,6382.967939,859.7972918
Condition,-3.310667005,1143.839148,-3.07927335,5870.746965,13034.79953,904.8835309
Condition,-6.790169036,1529.306257,4.369259036,14776.75385,16179.31064,1147.194264
Condition,-1.143746599,346.2667764,25.23239523,4580.992943,5786.197445,1755.492639
Condition,-5.565400914,132.5025444,-3.270109036,1536.581804,5081.717097,1828.891658
Condition,-8.113329746,341.8763866,7.413944772,5737.063269,4278.413767,560.4611514
Condition,6.654886193,489.9876492,1.873305279,4871.668624,14338.85106,3017.501802
Condition,-3.627926802,959.4842939,-5.725257868,5705.598159,11388.92272,1414.119129
Condition,-0.044226802,48.86010305,-4.009059594,2527.736228,2099.634945,436.4296645
Control,-4.120832893,260.8932068,-2.692593858,3695.630951,3417.475957,548.6961654
Control,9.992321015,317.1019585,3.218157259,1721.889741,4399.342827,677.1165024
Control,-1.840251878,142.6441138,7.714289949,1388.827702,4549.017694,597.5437774
Control,3.46983797,96.67253716,2.964516447,1333.633424,3688.067158,1183.958529
Control,0.307548325,152.5466067,7.779598477,2966.775553,5518.198046,964.4331183
Control,1.006733096,304.4495807,-1.979340203,2520.683094,4494.970863,786.876587
Control,-7.594151574,240.7724772,1.931143959,1588.538764,4034.555226,1063.122185
Control,0.448293807,309.0998327,-4.406424569,2534.972107,7683.061743,794.0324666
Control,5.453229949,249.0377599,-3.809252386,1101.540159,3872.048281,806.7561492
Control,-1.349247614,151.4345548,-5.39555132,2139.066442,4106.312903,1256.624561
Control,5.407986193,100.9502376,-1.008711523,1152.4406,4106.312903,1202.669452
Control,-3.096658579,209.6354832,-4.508019594,2163.494389,4980.74015,1017.068868
Control,-2.510545685,111.371287,10.1920403,1841.226227,3534.01864,276.4605502
Control,5.432387614,155.5329015,-3.689621117,2089.519604,9053.36811,2022.887927
Control,-5.229219898,154.57232,4.300338173,1809.077326,3334.329311,261.3102543
Control,-3.143029086,121.1303035,-4.815586396,2032.344767,3718.937414,456.0008314
Control,6.292672183,65.02741513,7.852113249,1857.370986,3147.66389,316.6666265
Control,4.899846904,204.0091177,-7.750878223,2046.938028,4528.393931,221.6985748
Control,1.848496853,317.1019585,-2.160803858,3423.865611,7414.977184,790.9248979
Control,-0.258604264,49.13210579,-3.634404264,822.6465349,4569.783947,892.1475659
Control,-1.61856264,912.8141176,0.874729442,11388.92272,8978.561925,2316.950026
Control,-5.064581117,218.1087437,-9.620210964,1324.534213,5175.389503,641.1873445
Control,-5.140333604,233.7961138,1.360855635,1289.314799,4968.63214,874.4510529
Condition,-1.66363533,599.8211023,-4.156998477,2054.332582,7943.583608,749.2046879
Condition,9.606638173,351.6192949,0.102850964,2037.125424,6674.520342,719.3880127
Condition,10.3428132,1348.327447,-9.395961624,2794.784684,6263.85676,2094.622104
Condition,10.99902467,754.0785191,-5.475863553,2987.243642,3621.274838,1185.834577
Condition,-1.864550863,387.3732518,-6.478496244,2115.137083,7284.336679,1486.239823
Condition,7.036281218,1403.958118,0.125804569,3703.420262,7683.061743,1453.464706
Condition,-2.566336751,75.10805695,-6.847438274,1510.400221,3027.919299,1029.592807
Condition,4.573925888,194.753344,-2.961758376,3672.930456,6527.508437,422.8690462
Condition,8.090341421,684.0619087,-10.20065391,2104.721153,5081.717097,1519.131431
Condition,5.110360711,346.0183499,13.55873056,4052.654539,5753.608036,755.7284489
Condition,4.939295431,798.5397058,2.622134822,3229.372533,9053.36811,901.0186648
Condition,16.97478406,758.2378327,-4.160632183,2650.912761,7493.823045,1476.440292
Condition,-0.801009036,596.4104149,-4.02089066,2729.094176,4338.328528,1585.367078
Condition,-7.277277766,451.056073,-9.760975939,1971.032778,4389.326711,1384.015958
Condition,8.493419797,663.8724087,-9.809276954,2006.042854,4992.979548,1187.694639
Condition,4.327065787,236.7779006,0.663736548,3278.187258,4483.683711,1791.594083
Condition,12.77873868,508.7269609,-0.841782132,1748.019279,2907.835505,2695.685279
Condition,11.14956,609.0479678,-13.75256914,2610.829517,5342.607519,1438.747891
Condition,10.39649848,464.2163863,-3.08418599,2790.461167,5175.389503,1344.236428
Condition,0.321559797,395.8036641,-5.592650558,4810.646782,5068.558595,620.1124843
Condition,0.40384,432.3302455,-8.695934822,1959.77668,5641.735966,1135.144086
Condition,-2.663130457,667.2004422,24.92394355,5705.598159,-17.16412274,1168.597437
Condition,-2.588945787,562.2414558,-15.33817127,2655.042844,6094.517553,674.0408363
Condition,13.45484843,958.2252885,-4.064156447,2268.554966,10903.56778,1050.496127
Condition,2.702572792,302.2957591,-9.851106041,2428.915961,5518.198046,2253.59481
Condition,-1.158638376,696.4615285,2.020399594,2301.526565,5610.13324,2524.199564
Condition,-5.645917157,150.8754309,0.624027005,2130.885224,3366.393285,1286.135459
Condition,-0.362305025,622.5102505,-5.868821624,6403.909575,6059.412876,613.7834499
Condition,3.599754619,408.1465539,-14.22944345,2174.181503,5081.717097,726.7109736
Control,1.486910761,403.4975308,-8.860792335,2006.042854,4210.220899,600.1108046
Control,0.164292081,221.503719,-8.310832995,1104.799602,4847.052735,1633.790935
Control,3.666133807,423.8776458,8.379087614,2534.972107,4956.159022,848.0846893
Control,1.088326294,667.8761512,-1.369668832,2310.542582,6969.138832,1124.317831
Control,7.882952792,165.1948165,1.689818579,1705.830809,3830.594199,1002.043675
Control,11.4243533,291.7178983,2.90071401,2456.370418,5626.118057,897.6494842
Control,3.573855431,481.85972,-1.626005787,2781.396436,6245.513337,891.0547825
Control,1.182933299,260.7295559,0.045628426,2326.345482,4968.63214,631.324548
Control,-1.543528325,141.6032313,-2.490698985,1000.657662,3135.710907,953.2276195
Control,5.725399492,638.0419082,-6.163964975,4517.272945,7109.965157,704.8344731
Control,-2.03767665,267.7928531,1.382822132,3096.53441,5870.746965,486.1088461
Control,5.806590355,680.5994455,-14.98955218,2591.616487,8515.616422,1551.619623
Control,-5.565749949,449.771277,-1.099214315,3484.944261,6527.508437,956.9911455
Control,2.087975939,252.3384687,5.929845685,1686.260383,4602.724016,1381.507623
Control,-0.563851066,837.2197901,0.611564975,2360.783217,6717.731333,1709.406008
Control,8.07213269,253.0419235,1.938732589,2442.326917,4647.074115,787.3089017
Control,12.79980995,500.6934297,-5.219876548,1372.958433,4409.897518,1269.208078
Control,5.215893706,494.1135402,-6.570292081,2878.538012,6167.569598,836.2523743
Control,0.087469036,165.6671759,-3.03335198,2712.139573,3897.934207,268.1297475
Control,3.854107411,217.2738641,-9.325456142,1691.625373,4810.646782,577.9386588
Control,2.607499188,324.5141082,-6.651574213,1142.979618,4144.253191,1998.870703
Control,-0.170944162,383.3715617,0.123529645,2712.139573,8192.988395,1498.955043
Control,1.24707198,192.2571032,-16.19818721,1469.675459,4162.972122,721.2677261
Control,4.807334416,453.7862894,-4.467819137,2510.080593,6094.517553,723.5802752
Control,1.505460609,155.3533212,-7.107395025,1623.903951,4569.783947,1364.546485
Control,-4.637957259,72.30634426,2.131731269,828.3888602,2477.32518,834.779441
Control,7.059613503,485.9095912,-9.366418071,3080.513503,7768.093158,680.2303214
Control,3.856561726,204.3052134,-1.572045685,1382.765853,4125.573354,719.3880127
Control,3.347304772,354.5261434,11.26929655,1964.24969,5518.198046,1091.315714
Control,-3.392608426,782.4711039,4.40561198,2491.569124,7184.468012,1112.898635
Condition,-0.001560508,606.1383837,-5.975996751,1723.713103,7414.977184,2572.694842
Condition,-3.221717462,598.6727129,-1.540448223,3726.658199,8798.476404,3113.180483
Condition,2.844456041,370.7664814,-8.159701726,2389.847371,5356.590077,604.4029039
Condition,2.41529665,589.993596,0.118643959,2646.994398,5532.902987,2799.252445
Condition,-2.292270863,211.1256434,-11.97061533,2695.685279,6761.244974,678.1931861
Condition,-1.799450254,245.9546543,-1.544028223,1598.128397,4248.637299,1273.358867
Condition,-3.292058477,750.4001811,-5.495032487,2456.370418,6206.795796,1984.735615
Condition,1.608830355,172.423853,-4.385454315,2295.289979,3838.465545,1131.846068
Condition,7.905423959,364.7365802,0.104299391,2056.757177,4248.637299,676.447305
Condition,-2.316780305,203.889396,-3.02450467,1857.370986,3141.853579,1653.832034
Condition,0.039267614,87.81637807,-5.964941015,2363.941531,5189.57058,639.9071229
Condition,12.70096914,197.1503466,2.535637665,2737.68869,3327.83378,995.9312426
Condition,-3.18217868,527.7508487,-5.329854365,2212.968978,5887.842917,1638.75503
Condition,-0.415373503,90.76157431,-4.066210863,1476.440292,4692.947625,571.2999555
Condition,-1.441110964,573.4541615,-1.394291269,2776.756275,4229.450104,1362.126306
Condition,2.56082264,591.0859659,1.362938782,2001.221145,5489.025422,973.2836455
Condition,-4.610490254,168.2209755,-3.892726599,2022.887927,3423.865611,715.2389379
Condition,2.236469137,385.4926286,-6.349224772,1458.806785,7109.965157,1191.430894
Condition,2.020399594,946.6612258,10.43374964,6899.254622,6226.380017,2553.861447
Condition,-8.620825482,245.7981815,-1.17748264,2864.104823,3498.28381,872.8631265
Condition,0.894355431,158.3506463,1.968210406,1560.828322,4348.831748,601.5351625
Condition,-5.645917157,259.1771141,1.717847817,2227.343852,5189.57058,820.2675784
Condition,-1.507330863,390.4649804,6.287394213,1851.299222,4786.348352,1136.910431
Condition,1.318857563,655.3611809,-11.77137614,2531.436183,6590.93889,1318.949211
Condition,0.348286599,245.4146936,-6.243253503,1809.077326,5578.877093,1917.006236
Condition,31.05058254,721.2677261,-3.961305584,2250.698709,5563.158693,3107.548592
Condition,-4.402853807,322.4065997,1.387103756,2595.395666,7388.899256,1004.680349
Condition,-3.168172284,373.1947835,-4.378253604,2018.118654,3657.702812,813.7211131
Condition,3.97781797,400.0141312,-4.15138599,3628.849155,4409.897518,1442.686062
Condition,2.500867919,702.6443752,-4.883284569,3806.081957,5428.766702,1919.14916
Condition,3.279222437,97.61822102,-2.749816751,1239.51033,3340.925317,308.2698177
Condition,2.350224467,199.2473905,-3.428540711,1811.008906,3974.465199,922.0661591
Condition,3.727722335,653.7143811,-10.07747391,2638.92743,7797.917197,1375.440611
Condition,-3.513790051,1010.716501,-8.072956548,2256.663184,5705.598159,3703.420262
Condition,-2.547472234,290.2635007,-2.106632792,2487.927808,5563.158693,602.9712278
Condition,5.889688731,1141.249566,1.372975025,3430.218273,8034.256175,2335.61163
Condition,3.984558985,110.3705568,1.259487716,2215.714506,4359.815261,773.3626183
Condition,-4.372911878,806.7561492,3.277931574,2018.118654,4538.843536,706.311274
Condition,3.534374619,644.077342,-9.079079797,5641.735966,8761.336727,2301.526565
Condition,-1.993948426,233.3152005,3.48945401,3059.35524,4528.393931,1197.008651
Condition,3.941150203,115.4443529,-4.154648122,2157.99223,3491.494699,574.2496185
Condition,3.818610051,168.7397333,-8.413907005,961.3718856,5641.735966,1201.749147
Condition,-3.346229137,199.47778,-9.469585482,2133.544396,4602.724016,1387.628442
Condition,-7.140005685,254.3275531,-0.995017462,2754.852007,6131.232079,889.3827148
Condition,0.445023452,592.2121478,-0.193631371,3037.990559,6382.967939,1406.428596
Condition,-0.416983249,193.051224,-2.209913299,2470.145068,4462.213548,765.6810988
Condition,6.612891371,601.5351625,4.730939492,2201.894046,7574.852797,1231.570103
Condition,-3.478421929,200.5419104,-3.404781218,2332.427346,3512.336794,956.3741859
Condition,-3.833157462,365.1318251,9.818358985,1358.481881,4919.95048,1781.88018
Condition,0.771896853,169.0763646,1.431973299,2112.513282,4483.683711,353.3673469
Condition,5.830071574,171.7442364,-13.53175858,2389.847371,3450.783636,568.1584473
Condition,-8.034100203,194.4662733,-7.513605178,1658.890072,4883.976468,784.2618053
Condition,3.41405736,228.8481055,0.230642437,2259.808991,4451.836794,1341.786639
Condition,1.63360802,324.0768128,-7.465807614,2917.404769,5272.695814,787.7709001
Condition,-4.85588599,555.9359766,2.882484264,2772.421458,7915.500613,1398.810287
Condition,10.61765452,179.6626227,-8.539648122,2741.89246,5257.565351,584.4662097
Condition,0.043469949,330.2050495,-6.805650964,2210.181858,5175.389503,714.8721825
Condition,-1.380437766,177.0681616,-2.654446802,1493.245554,4420.4452,1021.842617
Condition,10.96945574,212.8950204,-3.541269036,2230.198748,5458.714919,1139.545391
Condition,1.841522437,204.7343547,9.180704873,1886.712385,3347.302858,426.8867502
Condition,1.450951472,1317.862863,-0.40366467,3450.783636,5838.031868,444.5978238
Condition,3.321398274,126.7320062,-13.86132579,1627.241204,3606.024953,605.265315
Condition,6.853018883,494.3202734,-9.444626904,3347.302858,8550.803852,3054.017798
Condition,9.890417766,110.8686848,-16.33377492,1473.753741,3606.024953,856.1312487
Condition,3.548278071,224.3239111,0.837456041,3680.251664,5161.412479,1446.688727
Control,0.286909036,400.0141312,-8.938540203,2348.347979,4569.783947,275.3765827
Control,5.571258477,231.5436801,-6.544366142,1152.4406,3914.447668,752.0191043
Control,-0.402349391,56.97616721,-8.234173604,1262.89541,3562.517437,649.1983181
Control,3.51748335,147.3654678,-5.977140305,1657.182504,4288.425033,1091.315714
Control,3.56149198,85.12531756,-6.643512995,1859.435261,2646.994398,247.4858539
Control,2.303815228,88.51003949,-3.571315736,1229.655246,4134.868184,746.7959716
Control,7.245090355,181.6060448,0.986210051,2003.617327,3308.667974,1321.170769
Control,10.43374964,167.4183822,-10.14075919,2487.927808,3621.274838,136.3147663
Control,2.608382843,224.057995,-6.302705787,1878.251393,4559.67527,627.9516707
Control,-4.681542234,269.9966504,-2.697426751,2583.852538,3391.242889,559.2048221
Control,5.431024264,430.7630742,1.122593299,2376.888667,5938.835115,314.2800734
Control,4.107945482,209.4481199,-9.306307208,1766.631711,4968.63214,292.6855711
Control,8.231614975,270.5247314,-0.847262843,2976.951549,3830.594199,528.6881855
Condition,-0.537858325,273.9574272,-1.166685787,2817.233956,5257.565351,401.0541009
Condition,2.099238985,459.5003617,-9.282991675,3569.627822,5161.412479,645.6910715
Condition,7.277329746,1096.018733,-0.958780508,5030.818823,5428.766702,750.0012285
Condition,-0.181788122,288.4486191,6.588994569,2157.99223,7885.884308,2831.009706
Condition,0.993775533,1116.960827,-6.60471401,3703.420262,5328.035855,518.1375485
Condition,3.424112183,231.5436801,-7.004369848,2513.631468,3711.302518,808.6221061
Condition,3.208261726,707.8012451,-10.92583787,3688.067158,6738.604326,1137.794336
Condition,8.790941218,993.6423208,0.616720305,5532.902987,13226.81624,1679.428369
Condition,9.747790761,86.63719289,-4.919708832,898.7632547,3889.168356,670.2609228
Condition,2.853004061,106.3747468,-1.827653807,2277.331287,2572.694842,89.56303239
Condition,9.467045584,506.3163463,3.812828325,1704.121871,5189.57058,1188.626719
Condition,6.358391675,633.1414835,-8.689872487,3965.376296,5938.835115,643.4153431
Condition,-5.084058782,465.9248303,-12.34632457,2873.492615,4613.148031,487.1255826
Condition,9.27434,312.570371,-5.048067766,2912.621083,4797.749196,654.7050425
Condition,8.86581198,282.0090366,-1.406810964,2059.194692,5068.558595,252.6603743
Condition,-1.415755838,465.1597836,-7.471968426,3457.851365,5610.13324,734.872948
Condition,-4.304833503,463.8367648,-0.223173807,3241.593056,9053.36811,1452.096285
Condition,2.465875127,331.4768358,-8.04209401,3991.78505,5018.075422,542.031418
Condition,-6.002736244,773.8201426,-3.76118264,3444.021229,4907.469481,635.275466
Condition,6.119625482,91.18944731,5.773521218,1500.402892,3223.590008,659.60818
Condition,-1.894511168,789.1299038,-0.615385482,3450.783636,7109.965157,1052.004521
Condition,4.337519086,440.9447883,-5.02622203,2064.034609,6303.400238,3519.841405
Condition,-0.237830863,1359.693931,-0.917245178,3583.764946,7360.741436,954.4761324
Condition,3.763023249,726.7109736,-12.22065736,3118.631105,7520.159141,894.3157799
Condition,2.299678173,569.7073114,-0.945515838,2553.861447,5803.369362,1246.569224
Condition,3.614810964,489.3633867,4.632154365,2386.704292,5838.031868,644.3933031
Condition,-5.722754264,1124.317831,0.580662335,2646.994398,6674.520342,600.977712
Condition,0.429062843,725.1237457,1.481830406,2049.371116,5231.263847,798.5397058
Condition,-5.446041218,1063.122185,4.064107513,3241.593056,6282.76466,456.5492186
Condition,1.115661726,943.0569535,3.860451777,3037.990559,7133.716777,627.6422946
Condition,-0.816436142,785.116062,-9.079079797,2357.541355,7973.223872,1217.904014
Condition,-3.172169137,1033.872238,-11.70968244,3905.974297,7234.878869,493.4877386
Condition,-2.395771472,1556.286348,10.21878772,3931.861261,7574.852797,717.498216
Condition,41.18166091,692.2254596,4.347350254,475.3431056,4483.683711,554.1776797
Condition,1.386440305,968.183829,-3.463860051,3555.232085,7015.288171,1006.047075
Condition,-0.110489239,717.1262511,-0.307889239,3643.417495,8126.963338,758.6348405
Condition,-2.201388832,583.6404123,-3.654526447,2435.623334,4847.052735,434.7408334
Condition,3.461480203,524.7409426,-1.253239797,2425.707041,5518.198046,413.5009087
Condition,34.70831635,5.783866904,420.1229559,324.4038747,5518.198046,4.51903198
Condition,3.481489442,881.8145356,-3.637204264,3491.494699,7015.288171,606.7067965
Condition,-3.799456548,1335.952378,-3.272811777,3085.647006,8449.865091,1197.008651
Condition,7.486455228,937.7374891,-6.107630761,3711.302518,8065.724315,807.6844189
Condition,-0.193189949,927.8041693,2.580901066,2662.909606,9408.382915,455.2652364
Condition,2.259269746,1041.083553,0.974073807,3750.206169,8222.928116,588.8884422
Condition,-7.297228325,1147.194264,1.925176447,3606.024953,9449.00155,1031.728179
Condition,1.123086294,796.7342074,5.204751371,3032.882747,6006.362881,742.7888288
Condition,1.542203858,533.9078793,-5.517555533,2595.395666,4956.159022,630.1189221
Condition,2.480024467,314.8116645,8.420561218,2422.451503,4430.839096,524.0622095
Condition,-8.448358934,587.5168999,3.264159898,2643.16732,5594.531696,901.0186648
Condition,-5.175453807,1117.741002,1.812356142,3534.01864,6527.508437,776.4158864
Control,-4.824541421,903.1944153,-4.65919269,2922.408886,6282.76466,911.122231
Control,4.813625685,208.1577884,-2.971509137,1932.453971,5056.154516,548.9343073
Control,3.229624264,689.3780594,-3.693806497,3259.526669,4692.947625,1560.828322
Control,-1.11383797,614.082561,-9.450492893,2607.191356,4859.936657,610.5053237
Control,5.817409797,317.6416635,-2.423552487,2130.885224,3782.052731,390.1735296
Control,7.80992,487.3304507,4.854778274,1718.197225,6112.112275,1224.778204
Control,3.104411269,244.5811038,-7.149880152,1535.101045,3583.764946,1168.597437
Control,3.540841929,806.7561492,-5.140333604,3576.952052,6946.047533,531.0312986
Control,-1.454842132,283.4633897,-4.332098883,1473.753741,3974.465199,271.5866188
Control,-3.280982843,633.1414835,-1.888318426,2754.852007,5018.075422,669.2428555
Control,1.108349645,997.2821337,-0.361600203,4738.300152,8722.53789,804.4234735
Control,0.032759594,783.3753653,-9.389972183,2897.960096,7439.621599,552.936791
Control,7.236375228,601.2554648,1.494158173,3302.464612,5231.263847,723.5802752
Control,9.782873706,350.7381486,-0.418051371,2357.541355,3905.974297,629.1776059
Control,1.502849949,346.5197025,3.895078782,1647.100907,4328.232655,1257.724724
Control,1.354502234,320.0028659,1.354502234,2368.880704,5594.531696,994.9514038
Control,-1.055668579,174.5533378,0.229068934,2217.227038,5525.550516,334.6847928
Control,-0.879219492,292.3902578,-0.879219492,1803.372945,5108.518502,1759.152915
Control,4.210441066,170.0131885,-2.656130964,1295.713841,4895.365055,1466.361197
Control,4.14968802,114.3328038,-2.607880203,1750.850578,3846.565534,412.5508455
Condition,2.338003096,357.6004808,-1.224487513,1805.208475,4181.662528,576.6209532
Condition,-5.019635838,147.5709955,-12.09175137,2247.615718,5356.590077,1143.409383
Condition,-4.63054269,171.1169474,4.633562183,1986.952182,4895.365055,1321.170769
Condition,-3.091958782,376.9498103,3.948062843,2856.772453,5887.842917,2593.506077
Condition,-4.36217731,392.0920228,-13.10573355,3991.78505,5018.075422,747.7945989
Condition,-5.470943909,108.0650532,-2.202502335,2089.519604,4681.873625,1217.416327
Condition,2.491123655,470.3369821,-4.099051878,2922.408886,4670.227465,1048.288251
Condition,1.704190051,233.5253699,4.841055838,1921.389938,4762.178697,936.8574254
Condition,-4.10448934,150.1984522,3.167140609,2439.014176,4162.972122,873.8828044
Condition,5.254977766,380.7809709,-5.973607817,3636.08867,5356.590077,1732.787111
Condition,-4.35939797,559.9520089,-10.44834508,3460.939358,8319.53322,780.1035532
Condition,-2.359911066,701.2082539,-14.73309904,2799.252445,4980.74015,899.3344292
Condition,2.675308782,382.0394225,-4.757936244,2666.994968,7414.977184,1234.062571
Condition,1.588273706,352.068446,-12.68269279,3366.393285,6363.191376,1233.037805
Condition,0.047280761,411.127612,-8.76907533,2987.243642,8515.616422,1479.225208
Condition,-4.110889036,261.1027735,1.517449746,3107.548592,6131.232079,1170.811605
Condition,-0.650109746,143.1907383,-2.803939949,1363.947961,3703.420262,549.4368805
Condition,1.371432183,565.342997,-0.559089898,4219.882983,8034.256175,752.6343392
Condition,-4.98617401,395.3565102,8.624098477,3404.197722,4359.815261,782.6972267
Condition,6.460760914,261.6068056,-11.1854735,2854.475583,5770.093173,1557.755394
Condition,2.62343269,552.4299885,1.472947665,1948.288387,6696.37267,1803.372945
Condition,0.009510761,242.4065246,-13.19808152,2864.104823,5753.608036,591.0859659
Control,-0.948726802,344.5436588,5.122142335,1789.546745,8416.060348,1313.334234
Control,6.814834416,450.3343773,-6.014513096,1826.837451,5356.590077,322.4065997
Control,7.450020203,367.8156725,-4.760845787,1789.546745,9534.565359,2932.508915
Control,16.21278843,151.9063049,-7.301098477,1419.232168,5956.050714,1008.761405
Control,10.14115472,460.6548696,-1.558422234,2182.371818,8515.616422,1899.55436
Control,1.291904569,683.3601103,0.236967411,3107.548592,6808.036432,786.0012066
Control,6.789287411,385.4926286,-10.17860294,2120.367714,7159.165256,1192.337268
Control,2.188075584,112.8909227,-3.421565888,819.8050708,6382.967939,2259.808991
Control,-2.348229746,325.194892,-9.207226091,1930.2502,6263.85676,660.2553141
Control,1.647607005,314.2800734,-3.554354619,1807.190671,6466.388417,766.0961191
Control,-2.122319492,318.6206139,-7.014126904,1732.787111,8065.724315,1461.575484
Control,1.971496294,382.6746294,5.725399492,2128.281037,6632.121448,1598.128397
Condition,4.51157736,5094.821253,-3.838265482,8654.260945,16453.23317,10849.06011
Condition,8.343891066,5121.47926,-9.900996548,8192.988395,18463.28044,3822.245595
Condition,-1.866135228,891.6201174,3.009812284,4097.393616,12295.53479,3141.853579
Condition,-7.169190457,2513.631468,-14.65122508,8034.256175,15488.4077,7184.468012
Condition,-0.179718274,3241.593056,-4.024369949,4181.662528,16360.59876,7439.621599
Condition,-2.452079594,7973.223872,-1.196484721,11886.33926,17810.12964,10903.56778
Condition,-1.191066396,3718.937414,1.042399391,6876.261714,15654.97288,6466.388417
Condition,-5.721814416,2250.698709,-7.348347005,2966.775553,20837.51746,8761.336727
Condition,5.484250051,1577.63235,-6.526364569,7209.389901,8654.260945,2076.724479
Condition,-0.602997665,1029.592807,-1.397916447,7133.716777,12598.94405,4409.897518
Condition,3.538178782,2638.92743,-8.893263553,7184.468012,20305.64325,6187.289482
Condition,-2.95796731,3102.078102,-12.54764,6969.138832,17104.08726,12174.93832
Condition,-4.178293706,3555.232085,-4.728150558,8416.060348,16179.31064,8905.983038
Condition,-4.739025076,2360.783217,-9.222594721,7062.81198,17004.23069,7086.48687
Condition,-3.731470863,2419.171541,-0.485094924,6343.772663,21102.82399,12114.82232
Condition,-5.327553401,3372.636582,-0.571712893,9208.958556,21528.02338,8352.450448
Condition,0.259396041,2241.705605,-5.500573503,7574.852797,18694.34017,10107.19199
Condition,2.758557919,5838.031868,-1.461397919,10248.08305,20837.51746,5018.075422
Condition,0.680139594,4591.549569,-4.361874924,7038.747988,17599.81537,8034.256175
Condition,3.248864467,598.0912705,-6.279991574,1255.558249,8034.256175,5518.198046
Condition,7.563515939,1533.611094,-4.740231777,5905.079552,18927.11087,2572.694842
Condition,-2.689701218,1078.137332,-2.105851472,5563.158693,15907.7689,4980.74015
Condition,1.370962944,1893.178076,-9.076432995,8550.803852,17704.21318,9449.00155
Condition,0.370314518,2212.968978,-0.327317563,5803.369362,16910.96161,13226.81624
Condition,4.633253096,3012.57289,11.93718305,3766.425026,14849.85103,3880.678325
Condition,0.07992934,909.9704764,-15.66390041,4441.294673,14268.35302,2097.09155
Condition,10.30593848,5428.766702,-1.499375127,8352.450448,18348.53096,2481.009748
Condition,12.45094142,4238.731474,-10.20759168,12783.31675,16179.31064,5081.717097
Condition,16.2847633,3321.533276,-0.932359391,12536.47882,17300.58663,19662.8748
Condition,0.599995127,3199.892309,-7.816152893,4288.425033,16267.48102,10248.08305
Condition,-13.20271046,6466.388417,-13.08159787,13096.36141,19045.22021,3974.465199
Condition,3.933451168,2623.022874,3.385210457,8192.988395,21528.02338,7062.81198
Condition,3.665456345,5300.208596,-12.76564051,10061.38173,22595.21287,6131.232079
Condition,1.618450254,254.087023,-4.742246091,1617.346218,6653.641877,1245.581815
Condition,-2.566944772,637.4514783,-10.20252589,4026.139556,8618.42373,1622.199916
Condition,3.137350051,52.87160711,0.78579066,290.9400975,3423.865611,1173.071249
Condition,0.71307198,193.8982109,-3.534777766,2572.694842,5108.518502,725.502291
Condition,3.862283756,37.12357898,-6.173372386,342.1233756,2386.704292,221.3689149
Condition,2.778998782,127.5550707,-5.731423756,1831.001907,3806.081957,900.4507954
Condition,-4.09192467,244.4994125,-7.885184162,1689.870462,8095.573128,2897.960096
Condition,4.05853198,46.60869036,-9.107126802,1453.464706,1959.77668,167.1345488
Condition,2.650594619,79.63126467,-11.37445919,971.3531301,4116.182452,510.2722505
Condition,-0.174565076,147.5709955,1.597904873,1617.346218,5887.842917,1162.272982
Condition,-8.186656548,93.13714832,-1.513375533,1855.357228,3091.131027,1052.004521
Condition,0.284181827,95.95266487,-9.725249442,1390.021352,3940.36097,227.6660344
Condition,1.38386132,82.9035464,-0.277679391,905.4444905,4980.74015,2102.123288
Condition,-1.522672792,23.5743732,-0.835944975,803.4717845,2576.405431,387.6657698
Condition,2.233501371,984.1364894,-3.648118985,5458.714919,14928.88487,2013.377256
Condition,-1.881994619,284.3014153,-2.498700305,780.7613965,7439.621599,1222.817205
Condition,-2.692892081,255.8449049,-11.54430629,2481.009748,4000.361201,1865.688056
Condition,5.973192081,31.50414305,6.846494416,1127.608844,3750.206169,230.8284737
Condition,6.108160711,49.24907137,-8.274071066,1100.718282,3417.475957,447.971568
Condition,-4.345948426,130.1240745,-1.570694721,1888.894032,3734.375845,976.4311112
Condition,4.103125076,80.87961797,-7.172766497,1392.557939,4162.972122,381.1241753
Condition,-0.708924467,976.4311112,-8.979153401,6263.85676,14268.35302,2396.319397
Condition,-0.703755635,235.7502264,-0.505248528,1994.205324,4681.873625,608.4741798
Condition,-1.317036548,252.4144271,-6.394474416,1425.561141,5473.612377,1565.437069
Condition,-0.91226802,701.5607207,-13.3256201,1660.516984,9017.555359,973.2836455
Condition,-0.444414315,450.8690912,0.074236751,1785.756102,13909.42227,4034.555226
Condition,1.010400102,119.1063416,-6.405570558,1577.63235,5175.389503,3391.242889
Control,1.69922802,111.0914186,-1.464608426,654.7050425,3491.494699,1259.790371
Control,2.831573299,72.4258134,-7.754560914,961.989525,2897.960096,249.1177086
Control,0.435930051,36.31677898,-3.422207919,919.6993861,2179.63099,196.042986
Control,-3.581307208,122.1928622,-16.30373939,1343.034619,3417.475957,428.0608499
Control,-4.400463756,80.63771188,-4.178591066,1247.628768,3054.017798,171.5004758
Control,4.308789645,155.3985615,-10.12067523,1259.790371,3278.187258,544.4744098
Control,-3.791604873,72.99651878,1.364895431,537.2405034,2442.326917,415.1065472
Control,1.196388528,70.90444985,-3.393203655,1049.744028,2646.994398,197.7180141
Control,4.218695025,94.10074832,-5.101952284,1143.839148,3498.28381,208.4610662
Control,2.12092934,80.87961797,4.217401015,1257.724724,3096.53441,267.533797
Control,-0.037000609,61.99312122,-7.615452589,1170.381634,2046.938028,188.3760464
Control,7.428662843,143.5367083,-6.487776954,851.1117228,3327.83378,338.8786524
Control,-4.476689645,35.71719706,-4.7249,1066.076943,2289.325996,129.0649522
Control,5.992317056,91.63973736,3.282463046,1118.567138,3410.630305,341.2761128
Condition,5.004801929,209.0839638,-0.812551269,1980.169142,8416.060348,1506.106506
Condition,3.170146396,298.8586776,-1.448393807,2712.139573,4859.936657,729.0483805
Condition,2.38597665,60.00441868,-8.108695635,1024.635153,1484.843424,406.8870647
Condition,6.124548426,136.9997174,-2.342433096,1625.576784,3555.232085,671.6345021
Condition,5.685778274,57.55951218,-6.249559391,952.6177016,2763.620339,509.3712359
Condition,7.263289848,30.98151817,-1.667235838,634.6651667,2821.834763,326.2102479
Condition,1.545411371,98.0057068,-2.608876548,1408.937071,4097.393616,633.4446719
Condition,2.088232234,43.49688883,-6.465771066,806.2814714,2442.326917,93.36990437
Condition,8.749003756,97.43593513,-1.681196041,1282.880213,3391.242889,359.8091049
Condition,-1.024396142,242.5220743,-2.635331777,1845.260105,9170.472434,1908.328403
Condition,2.488097766,77.90938934,-8.450988325,922.0661591,2634.974855,458.0197133
Condition,3.495387513,331.016439,-4.534381218,1303.379982,4106.312903,637.7482352
Condition,1.629912081,120.7277501,-1.019962132,1311.070309,2878.538012,1292.422446
Condition,-1.510900711,404.7303283,-4.410216091,1882.394043,4430.839096,454.1605295
Condition,3.058987208,44.56696406,-10.05310711,619.2132713,2348.347979,170.084337
Condition,8.085479391,103.5773465,-5.435865482,952.6177016,2808.205552,172.5746062
Condition,2.346805787,135.283568,-2.122319492,1015.650044,2927.532837,391.3583676
Condition,5.617792183,373.0583631,-3.100061675,1783.805938,5370.807019,1522.034044
Condition,3.090658173,423.2104168,-11.42002406,3889.168356,3548.239531,499.8287779
Condition,1.849863553,152.6750331,-5.931706904,1306.641195,3124.321583,708.9289602
Condition,-1.723786091,273.0594083,-15.57159269,3327.83378,3814.551927,294.2350549
Condition,11.94458284,71.9150532,0.410968426,1156.918932,2104.721153,248.3337663
Condition,4.034304365,1097.550001,-6.722450254,4943.935981,4430.839096,243.7354313
Condition,6.416775127,131.7965418,-9.508494162,916.8036556,4559.67527,426.8867502
Condition,-0.509750558,747.1881069,-6.784870863,2244.709539,5689.084826,1123.532445
Condition,2.898865381,967.5606518,-5.051112792,1809.077326,4348.831748,1222.817205
Condition,5.713978071,369.1449157,-10.02292843,1984.735615,5216.855258,1124.317831
Condition,-5.291911218,164.3049805,-9.005793299,960.7195407,3141.853579,766.9300169
Condition,2.096,289.0214317,-5.176718985,1711.180135,4008.848787,447.6200955
Condition,-4.484696954,742.3267061,-7.527589594,5489.025422,6717.731333,284.5838818
Condition,4.253180406,387.9648897,-9.408476041,1795.532642,5854.158568,645.3598878
Condition,2.706749137,316.988969,-5.238709949,2561.520055,5231.263847,201.0237974
Condition,0.827386904,440.7737532,-7.040531371,2037.125424,3846.565534,100.9820224
Condition,-7.018291168,121.9802989,0.720350863,1242.538324,3423.865611,1224.778204
Condition,5.389825482,201.6739675,-9.100496751,1255.558249,2799.252445,774.2493677
Condition,5.133255228,863.9880777,4.339513706,3444.021229,10154.83618,451.4295928
Condition,-3.130245888,128.8475385,-12.28783147,685.1100324,2304.495281,1072.087047
Condition,1.322697462,108.3058913,-12.5365134,1314.431868,3650.608849,452.3260524
Condition,-0.169171117,208.5839673,0.09433868,1049.019928,3742.180729,483.8653511
Condition,-3.513444416,74.32748457,1.913316751,1059.405538,2603.286279,1580.671737
Condition,0.118211269,87.64888934,-1.674162538,1893.178076,4727.139977,623.423593
Condition,-4.541581421,142.3714827,-8.365884061,1034.597841,3711.302518,477.0821387
Condition,0.097118832,420.7648852,-3.608634822,4134.868184,5626.118057,390.4649804
Condition,-5.559423553,190.6396485,0.392214416,1117.741002,4238.731474,3855.046953
Condition,-3.986908477,244.6581989,-5.037777056,1293.509365,2607.191356,1236.566116
Condition,-5.544572081,219.5727055,-1.672835076,2587.6567,3822.245595,1248.647329
Condition,0.23115665,63.65983655,-4.655215635,684.7504382,3457.851365,389.5866284
Condition,-9.768146294,512.0417251,-5.940075939,5285.950044,4219.882983,334.741012
Condition,1.127397766,227.2518736,-9.018927513,1012.855734,6403.909575,3278.187258
Condition,0.644294619,244.732467,-6.653271574,1278.640432,4338.328528,725.9212355
Condition,-2.884817868,49.23495878,-2.863471472,606.4117873,1984.735615,289.9692418
Condition,-3.773456751,100.6689524,-6.797685381,1281.822212,3284.099725,279.8000841
Condition,0.048597056,1010.716501,-9.406898274,1702.264612,4162.972122,154.4405162
Condition,9.670705178,371.2895929,-4.417244264,3672.930456,4389.326711,407.8259386
Condition,-5.942369746,212.9591318,-13.0447067,1103.929005,4258.619092,373.3273786
Condition,-2.021564365,117.9067288,1.131504772,1125.993447,3657.702812,245.7981815
Condition,0.685704975,156.1635969,0.398183147,1727.314742,3211.94864,141.3654613
Condition,-7.332202234,338.6318012,-4.989404365,2550.042821,3391.242889,347.7425441
Condition,6.986913807,274.6610903,-9.455258883,3718.937414,3359.897131,355.9214698
Condition,-0.608821218,160.777485,-5.806511066,1888.894032,3205.818877,924.9113834
Condition,-1.545580812,90.7874336,-4.649278071,954.4761324,2992.433134,417.3576447
Condition,1.696681827,72.59887766,-1.772324467,752.8411647,3423.865611,408.465945
Condition,1.56903797,18.44101239,-3.71025335,727.8490905,2576.405431,514.753942
Condition,2.431004569,70.69426386,-15.70739939,984.1364894,3211.94864,604.1158363
Condition,-1.732415533,133.7764208,-12.21195777,1793.600714,3450.783636,624.5920615
Condition,5.594506802,36.19818294,2.46863868,732.14488,3271.909655,1779.953246
Condition,-2.45280401,70.59719614,-2.810523147,1744.148464,3012.57289,425.7106903
Condition,-0.30709599,64.51983086,-6.334756041,1948.288387,2510.080593,94.23459584
Condition,-1.366121117,109.7595848,-2.193632792,1579.06129,4505.99578,469.7469255
Condition,3.615823299,46.84951157,-3.957747208,937.1562183,2310.542582,82.74448183
Control,1.69922802,111.0914186,-1.464608426,654.7050425,3491.494699,1259.790371
Control,2.831258122,72.4258134,-7.754560914,961.989525,2897.960096,249.1177086
Control,0.435653198,36.31677898,-3.422207919,919.6993861,2179.63099,196.042986
Control,-3.580432487,122.1928622,-16.30373939,1343.034619,3417.475957,428.0608499
Control,-4.400177766,80.63771188,-4.178591066,1247.628768,3054.017798,171.5004758
Control,4.308789645,155.3985615,-10.12067523,1259.790371,3278.187258,544.4744098
Control,-3.791604873,72.99651878,1.364895431,537.2405034,2442.326917,415.1065472
Control,1.196388528,70.90444985,-3.393203655,1049.744028,2646.994398,197.7180141
Control,4.218695025,94.10074832,-5.101952284,1143.839148,3498.28381,208.4610662
Control,2.12092934,80.87961797,4.217401015,1257.724724,3096.53441,267.533797
Control,-0.037000609,61.99312122,-7.615452589,1170.381634,2046.938028,188.3760464
Control,7.428662843,143.5367083,-6.487776954,851.1117228,3327.83378,338.8786524
Control,-4.476689645,35.71719706,-4.7249,1066.076943,2289.325996,129.0649522
Control,5.992317056,91.63973736,3.282463046,1118.567138,3410.630305,341.2761128
Control,-2.755290558,383.8064062,-5.803996041,3665.163483,8253.368902,834.285601
Control,3.432092792,341.2761128,1.219919797,2888.196309,8832.934658,1094.412072
Control,-4.678697665,476.5145052,1.870455838,3113.180483,8160.486822,1388.827702
Control,-1.381830051,233.5253699,5.697876954,2517.12392,3211.94864,413.6601229
Control,1.022453909,435.4164712,-1.58598,4871.668624,7439.621599,758.6348405
Control,1.914525076,289.3221797,-3.199453706,2720.425567,6112.112275,810.9431454
Control,1.890459391,399.8539206,-13.82815178,2683.029075,6023.47592,883.3972264
Control,-11.20667777,612.0077906,-3.427516751,3734.375845,8654.260945,882.3371788
Control,1.207168934,303.8331759,0.029621929,2049.371116,5504.059572,767.7822758
Control,-1.978342538,270.964758,-3.352457157,1164.954321,4420.4452,1746.158973
Control,0.709422234,729.8353527,-2.541144569,3464.027351,9619.442456,1300.123
Control,5.523120508,446.5608264,-10.08910873,1657.182504,4370.118355,831.831111
Control,-6.490892183,275.8221964,-2.179588731,2280.34833,3048.810211,597.2490715
Control,-3.192062741,434.395588,-5.065806904,2280.34833,5300.208596,496.6303838
Control,-6.393623553,313.4204389,-7.799389645,1433.464184,5594.531696,947.2865069
Control,0.47874802,270.0823027,-4.026261523,1677.631243,5887.842917,495.3609636
Control,-0.212839594,224.2570142,-4.100369137,2320.014812,4144.253191,451.056073
Control,1.681686091,368.6056301,6.242575635,2538.774345,5005.334199,699.0238987
Control,0.582784264,658.9415409,-5.595915431,3278.187258,9366.906072,1125.142547
Control,4.908131878,318.1845852,-2.689169848,1839.200313,4774.723301,798.0969082
Control,4.776397766,406.8870647,-7.771312487,2313.749797,7548.444225,856.1312487
Control,3.939593807,575.2762827,0.11392934,3846.565534,7493.823045,887.7741016
Condition,-1.170829645,357.4682985,8.22723797,2859.069324,5887.842917,808.6221061
Condition,-3.98265599,451.4295928,-12.5400799,3284.099725,5989.479994,514.5159809
Condition,3.042390254,339.8267348,-7.515506802,2759.261265,4517.272945,417.1929893
Condition,-7.579749442,384.7749258,-5.999988731,3159.11515,5018.075422,539.8810998
Condition,-1.257460355,242.816802,-9.13228731,1718.197225,4494.970863,398.4972806
Condition,3.841659492,208.1577884,-4.111564975,2614.948353,4000.361201,547.1834161
Condition,1.978813096,322.9475607,-14.3245202,1941.409674,4569.783947,455.8172278
Condition,2.25122,206.1889502,-1.914272893,1871.984801,4106.312903,687.590375
Condition,-7.030159594,283.4633897,-9.583428426,2435.623334,5272.695814,952.033481
Condition,0.324393807,159.7682389,-4.239573706,1526.403368,3734.375845,259.0119544
Condition,4.785654213,417.5164346,-3.973013706,3726.658199,6899.254622,664.1991193
Condition,-4.933483299,215.5811341,-2.518289848,1501.825864,4943.935981,573.4541615
Condition,5.747867614,177.772191,-11.5058802,1742.254734,4116.182452,348.4782878
Condition,-1.218419391,410.1783708,2.168321827,2557.686429,4248.637299,1385.186123
Condition,2.071200812,226.0944834,-14.22333756,1297.935501,4559.67527,413.3544773
Condition,-4.368547005,338.1577283,-6.037680406,1345.354652,4895.365055,722.0181443
Condition,0.394942538,151.3500062,-9.726801117,1146.36856,3512.336794,139.5747889
Condition,-3.554354619,250.6081984,-10.59490335,1266.068725,5428.766702,131.7234797
Condition,4.286503959,506.0906937,-7.051827817,3519.841405,8352.450448,903.7708314
Condition,-5.86374467,720.8862377,-13.12732944,3606.024953,6946.047533,1090.543846
Condition,0.144370457,190.8596384,-6.792656041,1498.955043,5018.075422,349.4623426
Condition,-1.505586701,309.9516541,-0.653379239,1648.773562,6969.138832,1262.89541
Condition,-0.614475228,262.5455392,0.613697665,1919.14916,5626.118057,848.0846893
Condition,11.88748122,276.2751762,-6.012638376,2218.739569,5563.158693,451.785155
Condition,0.871348629,135.0548881,-3.81639533,1493.245554,3830.594199,1259.790371
Condition,-3.817968426,149.1343794,-4.51380731,1580.671737,3410.630305,355.1449494
Condition,0.139978173,171.1639085,-10.08297416,1289.314799,5043.47981,739.5258909
Condition,-2.176845888,314.6049458,-12.82820751,2357.541355,6245.513337,1305.531288
Condition,-5.341725533,327.9208782,0.955926904,1903.960261,4379.562307,290.0589247
Condition,-1.700492386,130.8205985,-5.28124802,1206.430628,3606.024953,369.8250916
Condition,5.555170863,329.2853177,-10.83635919,2538.774345,5956.050714,631.0238641
Condition,8.478701624,168.6908799,-12.65370761,1812.964655,3923.197866,419.4780253
Condition,1.89630599,400.896334,1.823103046,2320.014812,5641.735966,370.7664814
Condition,-2.136251878,157.2754262,-1.338872183,1420.483536,4441.294673,742.3267061
Control,-2.601912893,180.2963459,-5.463433655,1138.645126,3742.180729,976.4311112
Control,9.49495934,189.822939,12.96657553,1553.183156,4328.232655,1218.853681
Control,11.17401797,199.3027685,-4.768606701,1162.272982,4549.017694,782.9233495
Control,18.43192873,225.2042668,-9.334704061,1738.478234,5189.57058,696.8575334
Control,1.599491066,369.280775,-11.44725036,2289.325996,6717.731333,622.2294454
Control,4.013303553,145.2163075,-7.856258883,1440.024889,5428.766702,1544.140326
Control,1.780474975,589.4341429,-8.397931168,6167.569598,6808.036432,3135.710907
Control,-0.52212736,257.7001115,-0.571712893,1617.346218,6303.400238,443.5572342
Control,-0.921994416,51.81735695,2.578314315,1081.849312,3176.519449,155.3985615
Control,-1.939132234,175.4456937,5.699712386,1369.332901,6263.85676,3965.376296
Control,1.987055736,363.9552501,-4.604610558,1816.846077,7109.965157,1197.972015
Control,12.09143898,99.10417096,-2.177840508,1831.001907,4834.659898,259.5048138
Control,-0.335656244,21.03111888,-2.098285228,1134.341156,3359.897131,520.4074589
Control,13.49399269,89.90865655,-0.930699492,1991.703575,4288.425033,556.1872331
Condition,6.556315635,236.8457238,-20.37836396,1861.612272,6899.254622,1946.01788
Condition,2.512491827,478.0504442,16.51078102,4219.882983,14268.35302,2599.210883
Condition,2.062804264,234.7367278,2.929893198,2517.12392,5770.093173,1286.135459
Condition,2.173362132,135.8535914,-4.475547411,2059.194692,6167.569598,1437.465774
Condition,2.686709949,52.49515604,-4.983722132,1643.707455,3680.251664,243.1358888
Condition,4.686829543,244.6581989,-2.57652467,2662.909606,7797.917197,2971.875159
Condition,-5.326895838,304.4495807,-8.19739269,1805.208475,10849.06011,2094.622104
Condition,6.166675584,436.6035374,-0.138804873,5414.570088,10697.95817,4379.562307
Condition,14.86882873,553.4525902,-2.453572183,5705.598159,8253.368902,2897.960096
Condition,6.723063046,93.8902134,-6.35789198,2746.272328,6131.232079,1385.186123
Condition,0.063147005,164.3973904,-0.031811371,3606.024953,6167.569598,1672.498232
Condition,4.57484264,241.9108873,-2.521589442,1925.779739,5147.993248,563.8037722
Condition,-1.785868223,175.3909361,2.229718071,1899.55436,4847.052735,589.993596
Condition,9.452222335,144.3153314,-3.100551269,2883.393854,5504.059572,3905.974297
Condition,5.035899188,454.1605295,-6.567914416,5314.212403,7159.165256,2618.876634
Condition,2.756172284,367.1477288,-3.872628934,2546.255967,10201.91486,5134.910879
Condition,6.92576934,345.5225281,-9.590702234,2051.890757,4624.445752,1116.960827
Condition,-0.025394619,255.1139692,-4.404621929,2610.829517,5518.198046,2351.44618
Condition,8.551772893,492.2723795,0.412422234,4420.4452,7915.500613,1820.892462
Condition,3.890995939,808.1289652,1.002361117,6853.490175,8285.790023,1622.199916
Condition,3.275563046,242.6736361,-1.120105381,2099.634945,5870.746965,1125.993447
Condition,4.198097157,148.8816714,-5.430333503,2341.92974,6444.623133,3188.309258
Condition,3.165896548,257.2834705,-5.999988731,4517.272945,5989.479994,467.8505289
Condition,-0.595761015,761.9572195,-0.309474213,6112.112275,11553.14379,3576.952052
Condition,-3.148110355,161.644152,-2.658354721,1490.427683,7628.846632,1652.133236
Condition,9.647641827,527.3035876,-10.08222802,2878.538012,7654.742996,1662.218885
Condition,-1.195928985,634.9711,0.037523553,4528.393931,5657.569403,1712.851994
Condition,-6.49560665,145.050894,-1.884369137,2049.371116,5272.695814,1453.464706
Condition,-2.105851472,391.947571,-0.993435939,2130.885224,10343.89575,3002.244544
Condition,-1.559041929,281.2732815,4.286503959,3695.630951,9248.852916,1122.691776
Condition,-3.530061929,224.4570635,1.021949137,4647.074115,10343.89575,3798.180116
Condition,1.942649695,90.13540975,-4.946691929,3217.888495,6830.388875,3235.344594
Condition,3.510333299,121.6728502,-1.230852284,1762.864535,6853.490175,2610.829517
Condition,-5.902675279,407.0439378,-6.080284264,3199.892309,10746.19867,2808.205552
Condition,-2.281953299,84.89319513,-10.72754909,1036.740724,3613.589929,1888.894032
Condition,4.566802741,242.9771468,-18.20655746,1899.55436,8618.42373,1977.781124
Condition,-0.013754721,212.3227012,-5.92257066,3159.11515,8319.53322,2109.90534
Condition,-3.310667005,421.091649,6.840775228,3171.045277,5956.050714,1471.02319
Condition,2.192502538,840.1466073,-5.730582132,5504.059572,6041.435303,1637.126576
Condition,6.237886599,628.8667593,4.186392792,5428.766702,5626.118057,2097.09155
Condition,5.797218274,271.6746091,-1.316513706,3334.329311,5870.746965,4338.328528
Condition,-0.568566904,1043.908465,-6.436480508,5563.158693,8761.336727,2603.286279
Condition,8.142439797,389.8811705,1.023919391,3199.892309,13768.598,4462.213548
Condition,9.420757462,155.2631533,-6.267557563,2553.861447,6263.85676,2402.553178
Condition,2.892930051,38.56298071,-8.102396548,911.6823445,3464.027351,1396.288029
Condition,4.307389848,343.8228607,-5.495032487,3657.702812,8253.368902,1242.538324
Condition,3.618354112,177.2167104,-3.272811777,2932.508915,6187.289482,1971.032778
Condition,6.164000711,252.734638,-5.444769442,2917.404769,6527.508437,1576.101382
Condition,-1.942095939,382.5296777,-10.29425756,4602.724016,11944.29968,788.2293257
Condition,2.556909036,126.2966448,-2.983670406,2803.772283,3774.008188,656.3635261
Condition,2.814718883,194.4662733,-7.255684365,3417.475957,6992.457489,1201.749147
Condition,5.459099594,174.0888459,-0.645845178,1888.894032,5610.13324,1108.825394
Condition,-3.239510914,448.3288725,-2.702730051,5300.208596,7943.583608,2854.475583
Condition,1.089188376,261.3958457,8.732962234,1841.226227,7654.742996,2166.160916
Condition,0.653438985,564.3031793,-5.229863756,4528.393931,11886.33926,2534.972107
Condition,6.828319594,282.5498228,-11.92000096,2868.880558,4079.135974,135.4748769
Condition,-2.292004061,1096.018733,-7.741003858,6167.569598,6547.818528,2268.554966
Condition,4.920852995,198.955366,-0.473307614,1339.431132,4980.74015,1052.777842
Condition,3.509780609,988.6538314,-4.468119797,5989.479994,7548.444225,832.8295372
Condition,0.279692589,610.5053237,-4.49033401,2204.688073,5134.910879,971.9953628
Condition,-0.309474213,249.8245979,-2.509037563,1998.870703,3758.496373,1423.072729
Condition,3.062766904,328.3669688,-6.177218579,6738.604326,5626.118057,1484.843424
Condition,0.45532066,493.6983934,-13.84182122,2587.6567,7038.747988,2389.847371
Condition,2.364443756,1173.961879,-15.62916569,8034.256175,6382.967939,2803.772283
Condition,5.774942335,153.9114746,-5.79410335,1498.955043,3982.959757,802.5887229
Condition,-0.373443249,983.4814862,-13.68676477,4883.976468,16542.7676,7943.583608
Condition,-2.893243553,179.8214229,0.114482741,2236.066896,5056.154516,563.0336098
Condition,4.279993807,136.6537159,-0.122744467,1317.862863,3147.66389,323.6231672
Condition,4.020966396,76.46267787,-1.132225787,1936.844823,4106.312903,2614.948353
Condition,0.68468731,105.1239228,-6.377430964,1691.625373,2218.739569,66.6387734
Condition,0.962474822,1268.167585,-8.434005178,5030.818823,12174.93832,1253.65278
Condition,-2.873341624,283.7446955,5.945291371,2456.370418,4797.749196,382.8164032
Condition,1.116410254,226.3078407,-5.089212792,1416.659022,4992.979548,266.1599466
Condition,-0.412578426,284.8610336,-2.190516751,1980.169142,4070.381804,1008.091042
Condition,2.803028426,326.5552381,-8.308409746,2720.425567,7414.977184,1867.904572
Condition,0.277584975,611.708176,-5.889223959,4727.139977,13909.42227,4379.562307
Condition,-0.590298274,915.0947298,-9.007027919,2790.461167,11770.99927,1354.91514
Condition,-9.077757665,1075.089132,0.05584264,7335.38697,10343.89575,2630.942837
Condition,-0.380970761,559.2048221,-5.593515736,4483.683711,7310.480633,3002.244544
Condition,5.821550558,180.0346834,-5.30268467,3378.770291,4034.555226,618.9082112
Condition,4.436004975,500.8992171,-8.224160711,5938.835115,4591.549569,375.5678546
Condition,1.472206701,1103.929005,-5.421021421,6876.261714,14123.08073,10201.91486
Condition,2.013848426,3002.244544,1.52066731,10295.88019,17300.58663,1899.55436
Condition,-0.04524132,144.9315065,-5.139645381,2864.104823,3766.425026,682.6892892
Condition,8.33100599,441.9890943,-5.011606802,2835.506935,8942.320056,2487.927808
Condition,0.306493807,876.5511774,-4.025596041,5887.842917,9366.906072,3940.36097
Condition,2.257003249,261.805977,-8.569773096,4399.342827,7548.444225,2583.852538
Condition,0.077803147,975.787259,-6.245418376,3650.608849,11443.69307,1014.24948
Condition,8.092121929,1090.543846,5.858688832,7015.288171,7259.221625,920.9153229
Condition,-5.288964873,863.9880777,-1.242976447,3054.017798,11718.2586,2271.344538
Condition,-2.679367005,404.8747871,-12.50688914,3830.594199,7335.38697,499.3901802
Condition,12.9681265,872.8631265,-12.68807371,2826.27597,8942.320056,912.2315879
Condition,0.266728731,232.0431181,-3.141675431,2883.393854,5518.198046,1328.978194
Condition,-0.131621472,240.1077149,-4.352720812,4727.139977,7493.823045,6506.819447
Condition,-6.584709848,453.4246024,-4.905664467,2295.289979,13359.18958,3075.191119
Condition,6.359204162,851.1117228,14.20359168,3505.384589,12355.07237,2859.069324
Condition,-0.086487716,56.79784528,-2.639758274,1433.464184,3012.57289,1886.712385
Condition,1.422419239,114.4963867,-5.652695685,2835.506935,4298.747158,527.7508487
Condition,1.43754203,504.1282212,-9.336359188,5094.821253,5989.479994,476.7036805
Condition,2.131731269,251.9470863,-6.443804162,4389.326711,4786.348352,598.9486154
Condition,1.41522802,58.19719543,-0.388027056,1034.597841,2854.475583,383.5098696
Condition,5.150553299,334.2707484,-3.73369401,3534.01864,5921.687591,736.827603
Condition,-2.825330761,160.1334031,7.514310761,2277.331287,2376.888667,392.3816466
Condition,1.240778782,216.0295276,2.448886294,2679.002409,2357.541355,1148.894334
Condition,-5.490933198,896.5537439,-8.535764365,5504.059572,11770.99927,2844.980452
Condition,-5.577683046,768.6253265,-1.190786193,4462.213548,5428.766702,2107.254004
Condition,1.508915431,1456.238376,-11.75452538,6527.508437,13978.60455,1674.254262
Condition,2.701987817,85.66860589,4.282038579,1040.338254,3555.232085,361.7355597
Condition,5.725399492,246.1800132,-6.721692081,2412.42322,5578.877093,9170.472434
Condition,3.624983299,964.4331183,8.841060508,3278.187258,11718.2586,1121.851255
Condition,-3.87549665,187.4583805,-2.679367005,2144.615709,3672.930456,330.2050495
Condition,4.910030863,646.6560802,-11.88183726,5973.255038,8722.53789,1742.254734
Condition,-7.282851878,685.1100324,12.65584335,1682.928803,10957.39813,1388.827702
Condition,3.083976548,163.0894083,-12.20594396,3334.329311,3695.630951,941.852597
Condition,2.099734924,477.6629371,-0.917580914,3914.447668,5161.412479,250.0584702
Condition,3.581184873,210.0088475,-0.27873198,2301.526565,3905.974297,318.7296768
Condition,-4.315866599,120.8289213,-8.502420102,2262.647318,3838.465545,1764.773129
Control,-5.788189543,202.6900803,-3.045828985,1392.557939,3948.417235,639.9071229
Control,2.582383249,354.4003449,-6.54742132,918.5683421,5314.212403,357.9869418
Control,-2.691496904,252.1038496,-3.714115939,1398.810287,5244.488352,294.830329
Control,7.732761421,242.8940143,5.14004934,3450.783636,4810.646782,656.3635261
Control,2.661111066,373.0583631,1.28223868,2607.191356,4517.272945,518.5962173
Control,3.097006497,345.0292087,-3.68101665,2247.615718,4079.135974,262.4635173
Control,-3.380007107,349.0843534,-2.91922731,2003.617327,4462.213548,500.6934297
Control,0.038741726,287.606954,-2.592917868,3308.667974,2746.272328,194.2890804
Control,-1.043031675,274.3153934,-8.176997868,2703.664802,4883.976468,255.5125602
Control,3.648021218,296.096876,-3.39584533,1235.573459,4026.139556,417.0348384
Control,-6.227345685,85.55066761,-2.534663655,1691.625373,2729.094176,539.8810998
Control,5.456978376,266.1599466,-10.3593466,2729.094176,4943.935981,331.4768358
Control,3.820886599,159.2187786,-5.119731472,1129.249318,3404.197722,169.7988713
Control,-2.396793299,201.2579412,-2.146854315,1919.14916,5175.389503,411.5986052
Control,3.40805736,479.0518062,-5.591209239,2087.052271,5610.13324,334.6285737
Control,-1.500402335,201.0237974,3.811027614,2046.938028,4162.972122,237.2085727
Control,0.269709442,246.8682797,0.751793909,3118.631105,4505.99578,378.3332558
Control,-0.354180711,55.77297086,-4.728485736,1386.422004,2432.233682,238.5391957
Control,-0.65783665,206.0650288,-1.513126193,2826.27597,4670.227465,302.4988775
Control,8.608850863,207.4198355,-5.900864569,2627.113343,3758.496373,763.6368687
Control,0.133511675,628.2681272,-1.646544873,3153.480838,4834.659898,572.6417804
Control,2.384595838,167.1804797,-0.21908264,2051.890757,3628.849155,235.2372573
Control,6.92576934,48.40057005,0.611055635,1107.210005,2502.778351,322.0544402
Control,5.407986193,100.9502376,-1.008475939,1152.4406,4106.312903,1202.669452
Control,0.307548325,152.5466067,7.779598477,2966.775553,5518.198046,964.4331183
Control,0.448293807,309.0998327,-4.406424569,2534.972107,7683.061743,794.0324666
Control,9.992874619,317.1019585,3.218157259,1721.889741,4399.342827,677.1165024
Control,4.899846904,204.0091177,-7.750427005,2046.938028,4528.393931,221.6985748
Control,5.453229949,249.0377599,-3.809252386,1101.540159,3872.048281,806.7561492
Control,1.006733096,304.4495807,-1.979340203,2520.683094,4494.970863,786.876587
Control,-0.258604264,49.13210579,-3.634404264,822.6465349,4569.783947,892.1475659
Control,5.432387614,155.5329015,-3.689621117,2089.519604,9053.36811,2022.887927
Control,-1.840251878,142.6441138,7.714289949,1388.827702,4549.017694,597.5437774
Control,-1.349247614,151.4345548,-5.39555132,2139.066442,4106.312903,1256.624561
Control,-2.510545685,111.371287,10.1920403,1841.226227,3534.01864,276.4605502
Control,-5.140333604,233.7961138,1.360855635,1289.314799,4968.63214,874.4510529
Control,-4.120832893,260.8932068,-2.692295635,3695.630951,3417.475957,548.6961654
Control,-7.594151574,240.7724772,1.931143959,1588.538764,4034.555226,1063.122185
Control,-5.064581117,218.1087437,-9.620210964,1324.534213,5175.389503,641.1873445
Control,3.470998376,96.67253716,2.964516447,1333.633424,3688.067158,1183.958529
Control,6.292672183,65.02741513,7.852113249,1857.370986,3147.66389,316.6666265
Control,-3.096658579,209.6354832,-4.508019594,2163.494389,4980.74015,1017.068868
Control,1.848496853,317.1019585,-2.160803858,3423.865611,7414.977184,790.9248979
Control,-3.143029086,121.1303035,-4.815586396,2032.344767,3718.937414,456.0008314
Control,-5.229219898,154.57232,4.300010254,1809.077326,3334.329311,261.3102543
Control,-0.895190558,109.6976002,-3.199934112,1019.169989,3315.200109,348.3563821
Control,4.79804132,278.1738467,-9.310137259,1116.123925,4549.017694,1173.961879
Control,4.46010264,67.08876426,-5.928404975,1121.021341,2076.724479,262.3812974
Control,-4.990597259,86.4203335,0.401765279,1206.430628,2976.951549,199.1919218
Control,-1.80053066,249.5076271,17.03704751,1617.346218,4370.118355,538.4390498
Control,2.379788325,96.40850305,-8.656202335,1191.430894,2247.615718,235.6039978
Control,2.274597056,121.1662141,-10.7359003,1307.725465,2527.736228,400.3153867
Control,-1.606504467,50.49317817,-1.014154822,848.0846893,2049.371116,207.5387831
Control,-9.939582538,92.70369827,-1.347162843,1638.75503,2491.569124,118.3026714
Control,0.484272386,141.4461345,-5.753970254,1005.358042,2776.756275,384.3490759
Control,1.352706701,403.6565799,-9.858878173,2357.541355,3583.764946,456.5492186
Control,5.344603147,311.8489358,-3.82939198,1818.888927,3583.764946,711.5603321
Control,-1.915823706,244.1207963,-6.511354822,1498.955043,3477.961635,436.0840457
Control,-2.702730051,386.9576397,-4.316417868,2376.888667,5921.687591,588.8884422
Control,0.470161218,417.3576447,6.152667919,1906.05217,3043.297109,373.6081787
Control,-1.979801218,270.5247314,6.533626701,2253.59481,3372.636582,149.5931805
Control,3.375866701,153.95636,0.449999695,1252.684323,2695.685279,272.2773177
Control,8.218699086,358.114935,-14.99818254,2720.425567,4034.555226,510.0447477
Control,-0.024385381,179.5600469,-1.981816041,1914.935512,3814.551927,495.1540087
Control,10.76244061,157.1420931,-10.6827269,1906.05217,3650.608849,679.5584255
Control,4.821569949,230.126989,-0.121780406,1524.893321,3498.28381,366.8830736
Control,-0.666261624,210.4409748,-14.96087371,2221.647607,3880.678325,390.9118886
Condition,-2.60525665,289.6024161,2.384595838,2864.104823,5938.835115,1428.239967
Condition,-1.085187107,136.1158675,2.965074416,1535.101045,3688.067158,966.3069812
Condition,-3.074001218,559.7077625,-7.595161523,2878.538012,5786.197445,1019.169989
Condition,0.689805888,2432.233682,-2.941661624,5989.479994,13840.08174,522.2216565
Condition,1.322697462,1197.008651,-4.476689645,8034.256175,4932.375195,854.6503888
Condition,2.094247614,1247.628768,8.253070457,4847.052735,8654.260945,1380.263511
Condition,1.275323249,523.8364469,0.841161421,2932.508915,6343.772663,513.8192346
Condition,-4.389134924,243.9626152,-8.44289401,1641.993894,4052.654539,406.0961151
Condition,0.780673503,590.8226203,-0.598743147,3153.480838,5443.633221,809.0772067
Condition,1.516463147,1350.130294,2.713945888,8192.988395,11220.25874,2215.714506
Condition,-0.074780406,341.0360595,-4.190198579,3290.038218,7654.742996,2754.852007
Condition,-1.622524975,600.6855253,-4.770469442,4248.637299,7768.093158,1458.806785
Condition,-1.133717259,26.31909878,3.296475838,353.6264199,2125.666003,1133.469682
Condition,1.234157563,709.6832111,-6.194123452,5473.612377,11388.92272,583.9119691
Condition,-2.136828832,614.082561,-3.998738883,6023.47592,4704.7678,413.0448461
Condition,-7.524323655,664.1991193,4.714268731,2174.181503,3688.067158,449.5849338
Condition,-7.720429848,87.47867868,10.45453157,1203.612152,2754.852007,258.6819137
Condition,-5.136274721,146.3744199,-13.90189269,1593.329972,4932.375195,738.3677828
Condition,-2.295062132,548.9343073,-10.10659442,3199.892309,4258.619092,2357.541355
Condition,1.896813401,1015.650044,8.801104772,3726.658199,6946.047533,579.2845446
Condition,-5.57671934,611.1062855,-9.517926294,1630.562384,8319.53322,1194.184799
Condition,-9.988816751,179.4576857,-6.892783553,2623.022874,3359.897131,795.3674166
Condition,-2.70506335,404.2746954,-2.444714416,2233.211303,4762.178697,580.9395897
Condition,6.585413909,256.1585839,1.280683756,2188.035682,4992.979548,678.8975685
Condition,3.018851269,220.3633744,1.208218477,1411.502563,3527.015939,2087.052271
Condition,2.36213269,304.6515235,-2.730834315,1814.875046,4956.159022,904.3298013
Condition,7.192432843,190.6943494,4.77297797,1486.239823,3194.009895,338.0335902
Condition,-3.672427614,312.999291,-16.02906183,1774.210354,4229.450104,977.7515648
Condition,-2.310825787,127.7346644,6.080920305,1069.79802,2125.666003,65.2010602
Condition,1.85183736,561.4990886,-4.304833503,1764.773129,6632.121448,596.701186
Condition,-4.024369949,753.6794395,4.373583807,2271.344538,6923.423558,719.3880127
Condition,-1.073179391,232.4652061,5.782079289,1975.520158,3327.83378,416.393165
Condition,-9.30319198,224.2570142,4.388376142,2603.286279,6653.641877,1645.368578
Condition,0.63978132,138.4447478,-6.785244416,2733.352043,3519.841405,1554.73982
Condition,2.802741624,222.3063906,-13.45226711,3347.302858,3923.197866,689.0238477
Condition,-1.19866934,119.3385744,-7.057165888,2109.90534,4580.992943,621.3376411
Condition,7.20395198,160.3652618,-7.195215533,2268.554966,4451.836794,1233.560256
Condition,-3.696729137,297.3702246,-7.372323553,4409.897518,9881.149949,1195.123267
Condition,4.99216802,391.5157703,5.463198832,4088.204784,8003.5105,1489.028138
Condition,5.974014416,180.0844329,4.897068223,3636.08867,4298.747158,457.2933874
Condition,3.248864467,290.8442837,-0.058682437,2069.291553,4399.342827,796.2720632
Condition,-4.505935228,485.2949588,6.452829036,4528.393931,7574.852797,1078.835724
Condition,-2.227115838,81.81480376,3.40980599,2280.34833,3444.021229,544.4744098
Condition,-6.239855685,150.7533789,-3.411966193,2707.948547,3464.027351,375.1464253
Condition,5.583753096,166.7986095,-2.245773198,1467.048006,3774.008188,797.6263265
Condition,0.745561726,84.9823399,6.810847056,1354.91514,2992.433134,738.3677828
Condition,-4.442615127,500.048392,-7.999290152,4774.723301,7493.823045,3940.36097
Condition,6.16705736,716.388507,-0.049342234,4399.342827,7360.741436,2087.052271
Condition,-7.277277766,350.7381486,-5.19066264,3680.251664,4097.393616,1380.263511
Condition,1.819558883,372.2510983,-1.564880152,3384.884996,4569.783947,1103.140758
Condition,-1.666200508,387.3732518,8.587753401,2971.875159,8798.476404,971.3531301
Condition,-3.460597259,523.3732393,9.238621015,4943.935981,7259.221625,1618.978272
Condition,0.975601624,299.9594378,-11.15522284,3340.925317,6969.138832,932.3974027
Condition,-3.206130355,527.7508487,-0.957068832,4847.052735,5547.63005,1046.097289
Condition,4.10189401,657.6644109,13.06040325,5030.818823,7284.336679,1415.369864
Condition,-4.653928528,458.9410197,5.888092792,4219.882983,9408.382915,1665.680721
Condition,-2.091647462,593.6391916,3.389865025,3043.297109,6738.604326,953.2276195
Condition,7.245970355,218.2403946,-1.720978071,1415.369864,3470.902797,968.183829
Condition,-7.29282731,316.988969,-5.315510152,3665.163483,5547.63005,1622.199916
Condition,1.721538579,556.9340281,-2.903550355,2419.171541,7973.223872,1424.371932
Condition,-4.962581421,376.246431,-7.592086904,2946.96374,5473.612377,1223.811806
Condition,0.803044467,1356.119017,-0.593945482,6444.623133,8905.983038,1853.354616
Condition,-4.960094924,882.8617549,-16.42653462,5504.059572,5285.950044,1023.961487
Condition,0.139205076,496.6303838,7.46159269,3397.968327,3129.814969,587.2461246
Condition,1.300963046,1010.716501,-5.01624335,3991.78505,10295.88019,703.0083239
Condition,1.683338883,520.6287282,7.401104772,3569.627822,5005.334199,555.1798768
Condition,-0.34823934,579.0217803,-8.222424721,3991.78505,5005.334199,548.1949817
Condition,-2.282398579,90.23606071,0.544854112,1225.773175,3032.882747,128.311962
Condition,0.960465787,398.9492437,1.463597868,3734.375845,4399.342827,446.1985613
Condition,-1.542258883,697.5627172,2.849465178,5216.855258,4591.549569,695.756682
Condition,-0.194150863,1524.893321,5.703561929,5257.565351,6282.76466,570.4929684
Condition,-6.835039239,176.8105302,-8.946672183,2107.254004,3321.533276,734.872948
Condition,0.655674315,593.3426659,-9.651014112,4399.342827,4144.253191,459.3107592
Condition,-3.444460203,325.7617541,8.386018782,2587.6567,4034.555226,341.6399638
Condition,0.033816954,152.1179811,4.392053299,1331.277678,2502.778351,366.8830736
Condition,-9.815477766,848.0846893,6.595641624,4635.512904,8798.476404,655.0260928
Condition,1.999492487,329.8682068,-5.858604467,1638.75503,3423.865611,514.9851374
Condition,4.098341218,472.6162895,-3.97500203,2056.757177,3315.200109,759.4512846
Condition,0.800025888,1123.532445,-1.320989746,4462.213548,5610.13324,697.9256887
Condition,-7.699840305,263.9652683,-10.0313264,3012.57289,7601.559031,753.2615585
Condition,5.471934213,545.9397824,-3.526953198,4647.074115,4389.326711,430.0734485
Condition,1.689818579,246.1056318,2.245817056,2835.506935,3284.099725,220.102445
Condition,-3.922290254,355.5286651,-9.075219492,4229.450104,7335.38697,1304.461789
Condition,-0.910083655,272.2773177,0.915957563,1957.477498,5216.855258,687.2250721
Condition,-1.208551269,559.9520089,0.663233096,3315.200109,4190.782223,481.85972
Condition,-0.678485127,662.2139189,-2.853223553,7184.468012,7654.742996,871.8162532
Condition,0.690821015,111.371287,-5.650212487,1637.126576,2502.778351,767.7822758
Condition,-3.092252284,783.3753653,-0.364678883,3091.131027,5803.369362,766.5170915
Condition,4.923375127,197.6029829,-2.369944772,3241.593056,4052.654539,1131.846068
Condition,-1.734130609,138.3631246,-3.523341117,2139.066442,3284.099725,952.6177016
Condition,-2.00144467,467.8505289,0.404828629,2878.538012,9017.555359,1591.668973
Condition,0.89643533,378.3332558,5.895667716,3477.961635,7466.037855,2733.352043
Condition,-1.469526396,1116.960827,7.465047005,11944.29968,11277.73589,2128.281037
Condition,-0.630926701,1021.842617,-0.574487513,4079.135974,8688.916399,1610.843392
Condition,2.860421421,874.4510529,-3.238593299,2481.009748,7439.621599,798.0969082
Condition,-0.161749036,1323.392661,1.250273909,5068.558595,12598.94405,1000.657662
Condition,-2.408372284,4379.562307,-5.061247005,8798.476404,11604.4847,421.8921639
Condition,-3.527268426,292.6855711,-12.73583056,2849.639213,6112.112275,919.6993861
Condition,0.449021523,1686.260383,3.700888325,3774.008188,8761.336727,874.4510529
Control,2.430467462,274.1386418,-6.412758274,1285.087093,4379.562307,454.3361654
Control,-0.757524264,290.7484621,-2.440784365,4399.342827,5563.158693,1337.137239
Control,6.327744569,225.5495464,1.593260609,2099.634945,7335.38697,1391.251017
Control,2.806821929,224.7911173,7.515134619,2768.038126,5956.050714,1168.597437
Control,-4.141152792,242.6736361,2.259549036,1482.02335,7209.389901,1586.963825
Control,2.709119594,143.1304321,-6.12638335,1269.208078,4919.95048,1238.531969
Control,6.127278274,206.1264919,5.483482538,2763.620339,4810.646782,841.6576419
Control,3.990371574,107.3950639,14.7958197,1650.453545,3889.168356,917.3936682
Control,1.877287107,65.90696365,10.92363066,1113.672958,3914.447668,396.6942019
Control,12.32441046,133.7407225,-2.166585685,1729.18909,3205.818877,1805.208475
Control,3.039754924,132.9934851,-0.655199695,1955.115229,4034.555226,1289.314799
Condition,-2.346564569,531.5269079,-1.373346294,2542.573817,12295.53479,5753.608036
Condition,-4.042343452,235.8893293,9.112143046,1853.354616,8319.53322,4125.573354
Condition,5.279236244,307.2229183,-7.471047766,1305.531288,7310.480633,3404.197722
Condition,8.684275431,346.0183499,-6.467454162,2307.410614,7654.742996,3734.375845
Condition,-6.359636041,147.3654678,2.795102234,2835.506935,4494.970863,1209.424579
Condition,7.136936853,385.2044794,-9.62357066,2125.666003,10543.03116,6282.76466
Condition,1.689314213,333.1004676,-8.856066396,2763.620339,8905.983038,1966.536277
Condition,8.019352995,510.0447477,-6.886983858,2868.880558,9881.149949,3822.245595
Condition,11.04840914,307.1179672,-0.517474619,1487.598791,6343.772663,3265.566912
Condition,9.440539289,84.23958335,8.649712183,872.8631265,3758.496373,1008.091042
Condition,2.919660406,378.0548822,1.011097766,2015.707588,7109.965157,1776.164268
Condition,2.044317563,416.2337426,2.515697157,3211.94864,12057.99248,5489.025422
Condition,4.364896751,272.365882,1.934194873,1272.264173,7574.852797,3069.622175
Condition,3.308541015,285.2337838,-8.549650964,1925.779739,6808.036432,1943.700757
Condition,7.252731472,360.7032551,2.425587513,1628.844842,9131.052015,2301.526565
Condition,1.922387716,145.5046376,-2.04591,1300.123,5134.910879,2699.637959
Condition,9.261554619,666.8699475,-11.84331442,4043.27117,15994.10767,4871.668624
Condition,7.638196142,131.2002152,-8.043335228,1124.317831,9577.871453,4624.445752
Condition,8.098891168,328.7137892,7.312508325,1689.870462,7414.977184,2201.894046
Condition,7.27559868,637.4514783,-4.183915025,3548.239531,15086.34955,5578.877093
Condition,-2.775346193,184.0263595,3.713719188,1388.827702,7711.205794,2966.775553
Condition,1.331096447,246.6397199,-2.553165685,1269.208078,8449.865091,1818.888927
Condition,9.578075939,116.5157292,-0.746501015,1831.001907,7234.878869,3107.548592
